employee_id,month,year,total_tasks_assigned,total_tasks_completed,avg_completion_percentage,on_time_completion_rate,total_hours_worked,expected_hours,avg_task_progress,productivity_score,performance_status
39,2,2024,13,7,53.0,72.87,118.4,176.0,47.98,64.5,Good
29,11,2024,19,9,57.2,49.23,111.2,176.0,53.2,55.5,Needs Improvement
15,10,2024,28,21,77.12,77.11,146.4,176.0,85.32,74.1,Good
43,12,2025,7,1,27.66,30.66,116.1,176.0,23.96,27.9,Low Productivity
8,1,2024,26,19,80.54,80.26,143.1,176.0,83.09,80.6,Excellent
21,12,2024,23,14,60.67,62.9,131.1,176.0,56.69,63.7,Good
39,7,2024,17,12,68.71,73.49,167.0,176.0,59.26,75.2,Excellent
19,1,2024,16,12,84.17,85.21,153.3,176.0,83.65,85.9,Excellent
23,6,2025,24,12,48.85,60.74,117.3,176.0,51.92,54.0,Needs Improvement
11,3,2025,5,3,68.27,68.94,149.5,176.0,66.6,71.0,Good
11,3,2024,25,9,39.0,25.47,106.7,176.0,29.02,39.7,Low Productivity
24,1,2024,21,12,60.44,50.71,136.1,176.0,49.27,62.9,Good
36,4,2025,17,14,72.0,92.77,155.4,176.0,77.76,85.7,Excellent
40,3,2025,5,3,63.96,57.84,128.1,176.0,63.89,63.9,Good
24,7,2025,14,7,52.76,48.27,111.6,176.0,55.8,52.7,Needs Improvement
3,7,2025,19,10,56.42,56.86,122.3,176.0,57.58,56.9,Needs Improvement
22,10,2025,11,8,75.79,75.81,131.5,176.0,70.04,75.7,Excellent
2,6,2024,26,11,47.54,44.21,120.7,176.0,46.26,48.9,Needs Improvement
24,1,2024,22,18,82.93,90.86,154.3,176.0,74.44,84.1,Excellent
44,6,2024,20,18,88.25,80.04,122.6,176.0,92.98,87.0,Excellent
30,2,2025,18,7,39.3,25.71,116.7,176.0,40.89,39.4,Low Productivity
38,2,2024,22,10,47.79,58.95,161.4,176.0,51.49,57.7,Needs Improvement
2,2,2025,11,4,39.6,32.74,108.6,176.0,46.05,46.7,Needs Improvement
21,1,2024,21,18,91.67,75.15,164.4,176.0,89.89,84.2,Excellent
33,1,2024,22,7,30.55,29.58,116.9,176.0,26.84,39.0,Low Productivity
12,12,2025,16,10,58.72,63.39,106.3,176.0,58.19,63.2,Good
22,9,2024,12,4,37.52,30.72,115.1,176.0,43.86,40.1,Needs Improvement
44,7,2024,26,16,73.88,62.64,119.0,176.0,66.05,65.4,Good
25,2,2024,6,5,79.41,73.87,145.2,176.0,79.51,77.3,Excellent
49,4,2025,11,7,64.69,71.03,110.4,176.0,68.72,68.0,Good
27,4,2025,8,1,29.2,11.64,105.7,176.0,30.74,32.4,Low Productivity
42,1,2024,22,14,68.08,65.41,127.1,176.0,73.45,70.2,Good
28,9,2025,10,2,28.21,26.97,120.3,176.0,20.53,35.9,Low Productivity
16,10,2024,13,8,61.76,66.79,108.9,176.0,67.19,57.1,Needs Improvement
15,12,2024,13,8,50.39,65.5,144.6,176.0,47.27,67.5,Good
47,9,2025,18,7,40.93,30.93,118.0,176.0,30.45,42.9,Needs Improvement
44,3,2024,12,7,60.23,55.07,113.8,176.0,58.6,57.4,Needs Improvement
3,12,2025,23,15,72.05,60.78,109.9,176.0,67.85,67.3,Good
37,7,2025,7,6,85.7,76.87,147.2,176.0,84.88,85.1,Excellent
7,8,2025,22,19,95.79,90.86,153.5,176.0,88.19,92.9,Outstanding
21,3,2025,9,5,65.09,60.59,117.3,176.0,64.48,65.8,Good
9,8,2024,18,9,51.6,55.2,109.0,176.0,48.72,54.6,Needs Improvement
39,6,2024,8,2,30.11,32.82,121.8,176.0,40.05,38.8,Low Productivity
18,4,2024,11,4,47.31,32.99,101.9,176.0,48.18,45.9,Needs Improvement
4,12,2025,24,13,48.94,44.79,132.2,176.0,50.08,51.0,Needs Improvement
25,10,2024,29,23,82.99,77.15,162.1,176.0,81.85,80.8,Excellent
14,7,2024,16,9,55.63,49.16,115.7,176.0,61.87,50.9,Needs Improvement
50,12,2024,6,2,48.46,56.6,100.2,176.0,50.89,53.5,Needs Improvement
9,3,2024,15,7,42.45,60.83,133.1,176.0,50.01,58.3,Needs Improvement
26,1,2025,18,9,54.23,56.57,115.8,176.0,59.5,53.4,Needs Improvement
2,11,2024,26,10,39.58,43.13,105.7,176.0,37.66,41.5,Needs Improvement
20,6,2024,27,11,44.62,42.33,134.9,176.0,48.27,52.3,Needs Improvement
28,10,2025,20,7,38.65,31.16,107.6,176.0,42.72,39.4,Low Productivity
47,10,2025,24,15,65.99,69.97,134.8,176.0,70.71,70.1,Good
7,9,2025,10,3,33.13,44.33,82.5,176.0,35.14,38.7,Low Productivity
44,7,2025,27,7,31.83,25.42,101.4,176.0,25.12,32.5,Low Productivity
8,9,2025,8,5,69.84,66.88,120.5,176.0,69.69,69.6,Good
47,10,2025,19,11,60.24,52.79,119.8,176.0,60.79,59.7,Needs Improvement
35,5,2024,28,25,86.11,87.96,144.0,176.0,86.46,91.8,Outstanding
14,11,2025,29,25,85.73,77.85,169.9,176.0,91.46,84.5,Excellent
17,3,2025,5,2,42.62,44.17,107.2,176.0,39.4,44.0,Needs Improvement
36,3,2025,11,7,74.16,70.48,125.6,176.0,74.84,70.1,Good
50,9,2025,29,9,35.04,33.74,127.9,176.0,34.69,42.3,Needs Improvement
40,5,2024,16,5,36.81,38.63,103.9,176.0,40.23,41.1,Needs Improvement
4,3,2024,14,8,56.62,39.9,118.2,176.0,65.67,60.9,Good
2,6,2024,9,7,76.38,80.71,160.8,176.0,79.49,85.5,Excellent
6,7,2024,16,5,36.72,41.02,109.1,176.0,39.51,41.1,Needs Improvement
42,9,2025,22,18,92.4,83.11,147.9,176.0,87.3,85.4,Excellent
4,7,2025,14,11,80.05,89.1,148.5,176.0,72.33,77.8,Excellent
29,11,2025,10,5,60.97,54.16,144.1,176.0,62.25,64.5,Good
18,2,2025,16,5,36.39,38.19,92.5,176.0,35.45,37.5,Low Productivity
26,2,2025,11,3,32.37,21.54,120.8,176.0,34.67,36.5,Low Productivity
44,11,2025,22,21,95.21,100.0,135.7,176.0,92.15,92.8,Outstanding
34,4,2025,6,1,28.67,35.95,91.5,176.0,35.68,31.0,Low Productivity
10,8,2024,14,3,24.15,22.6,89.2,176.0,18.17,33.0,Low Productivity
36,12,2025,19,9,53.47,40.51,119.4,176.0,52.49,49.4,Needs Improvement
14,9,2025,16,8,51.2,48.81,110.7,176.0,49.24,51.8,Needs Improvement
31,6,2024,21,10,50.87,41.08,138.3,176.0,56.35,55.9,Needs Improvement
48,1,2024,8,4,45.83,55.55,128.4,176.0,44.68,52.5,Needs Improvement
15,12,2025,11,4,40.59,34.4,110.4,176.0,37.7,47.1,Needs Improvement
8,8,2024,13,3,26.6,31.5,87.4,176.0,27.0,29.2,Low Productivity
14,1,2024,23,14,63.29,50.1,151.1,176.0,59.35,60.8,Good
23,4,2024,27,9,38.51,29.93,110.7,176.0,38.39,40.7,Needs Improvement
40,6,2025,11,6,54.77,49.84,121.0,176.0,54.12,61.7,Good
21,6,2025,27,22,100.0,84.58,143.9,176.0,100.0,86.3,Excellent
16,3,2025,6,4,83.97,65.02,142.0,176.0,81.66,80.7,Excellent
45,3,2025,10,6,65.1,62.38,144.4,176.0,64.65,63.6,Good
18,8,2025,22,11,56.76,50.13,139.4,176.0,57.85,57.2,Needs Improvement
47,12,2025,10,5,51.67,57.17,109.5,176.0,53.04,55.2,Needs Improvement
24,6,2025,17,14,84.47,87.65,140.0,176.0,89.69,81.5,Excellent
26,12,2025,23,16,77.8,66.16,130.0,176.0,87.4,67.9,Good
25,10,2025,6,3,71.02,48.5,138.1,176.0,67.01,64.6,Good
45,10,2024,16,9,62.6,50.47,140.3,176.0,64.79,65.6,Good
41,4,2024,19,18,89.86,86.86,137.0,176.0,89.04,89.9,Excellent
29,5,2025,18,10,57.11,48.07,110.5,176.0,58.76,54.2,Needs Improvement
15,10,2024,10,4,48.27,40.74,112.1,176.0,53.82,42.8,Needs Improvement
45,6,2025,22,9,47.81,50.75,123.4,176.0,55.94,50.6,Needs Improvement
1,7,2025,9,8,96.0,83.22,140.6,176.0,100.0,87.3,Excellent
25,12,2024,22,13,58.7,48.12,124.6,176.0,60.28,61.1,Good
7,10,2024,7,5,79.29,72.08,130.6,176.0,84.42,74.8,Good
9,5,2025,7,3,53.75,49.91,133.1,176.0,49.54,58.5,Needs Improvement
24,10,2025,26,22,88.98,84.62,148.3,176.0,85.35,88.7,Excellent
1,8,2024,26,11,37.98,38.19,103.8,176.0,38.82,43.9,Needs Improvement
44,8,2024,14,10,68.57,71.28,120.9,176.0,74.39,70.7,Good
8,3,2025,23,13,67.55,60.22,120.9,176.0,66.08,62.9,Good
24,1,2024,7,3,58.62,46.71,119.0,176.0,57.66,50.5,Needs Improvement
11,7,2024,16,9,60.75,69.08,141.6,176.0,50.83,69.0,Good
17,1,2025,20,16,83.16,81.92,162.0,176.0,95.1,89.8,Excellent
8,4,2024,21,8,51.47,48.19,94.5,176.0,50.32,47.4,Needs Improvement
35,1,2024,11,4,43.39,45.28,129.3,176.0,29.69,47.5,Needs Improvement
35,6,2025,17,9,54.06,44.56,134.4,176.0,54.89,56.3,Needs Improvement
33,10,2025,28,19,66.46,54.79,128.4,176.0,68.82,64.9,Good
5,11,2024,6,4,67.42,77.1,146.2,176.0,66.27,73.5,Good
42,6,2024,8,3,40.36,41.48,107.1,176.0,35.81,46.8,Needs Improvement
39,4,2025,14,11,84.81,81.43,151.8,176.0,89.3,76.9,Excellent
41,4,2024,11,9,90.55,79.43,183.8,176.0,94.46,88.6,Excellent
28,9,2025,28,13,54.71,59.09,122.1,176.0,57.34,63.2,Good
7,6,2024,21,13,59.99,62.91,125.7,176.0,56.17,60.2,Good
9,6,2024,24,12,41.64,42.07,102.8,176.0,38.6,52.4,Needs Improvement
8,12,2025,10,7,76.1,72.29,140.8,176.0,74.35,76.5,Excellent
12,9,2024,23,8,43.35,45.75,124.4,176.0,41.27,44.3,Needs Improvement
34,9,2024,9,5,48.91,49.97,114.9,176.0,52.03,51.2,Needs Improvement
33,1,2024,14,9,66.24,55.62,142.6,176.0,64.27,68.0,Good
48,1,2024,13,8,66.28,70.34,127.6,176.0,61.53,69.0,Good
23,11,2024,17,8,43.66,40.04,112.3,176.0,45.78,43.7,Needs Improvement
24,5,2024,23,10,35.1,30.14,122.3,176.0,46.98,46.5,Needs Improvement
37,6,2025,25,16,61.95,58.11,104.1,176.0,58.02,60.3,Good
35,5,2025,28,18,63.83,68.46,130.5,176.0,60.29,69.5,Good
44,3,2025,10,4,35.35,47.88,130.6,176.0,34.74,51.7,Needs Improvement
40,3,2024,8,3,51.05,48.44,113.8,176.0,54.83,53.9,Needs Improvement
22,12,2024,28,18,73.4,57.0,132.6,176.0,76.23,64.0,Good
27,6,2025,7,5,76.76,83.39,139.3,176.0,76.17,84.9,Excellent
35,9,2024,7,5,78.68,80.5,168.7,176.0,76.5,78.5,Excellent
1,8,2024,8,3,42.14,53.0,125.4,176.0,52.64,56.0,Needs Improvement
35,8,2024,29,14,47.79,39.66,99.7,176.0,53.51,46.3,Needs Improvement
37,6,2025,9,4,42.9,40.59,103.7,176.0,51.58,46.7,Needs Improvement
47,11,2024,12,5,48.02,48.22,118.2,176.0,51.53,50.8,Needs Improvement
14,2,2024,20,8,31.4,49.26,134.8,176.0,30.94,51.0,Needs Improvement
3,4,2024,26,18,69.49,62.64,146.7,176.0,71.48,74.2,Good
1,2,2024,7,4,64.48,75.08,144.0,176.0,73.51,67.7,Good
5,10,2025,28,23,84.33,81.79,129.6,176.0,86.9,78.5,Excellent
26,7,2025,16,6,45.8,49.22,123.0,176.0,37.21,43.9,Needs Improvement
14,2,2024,29,17,57.15,49.96,117.0,176.0,64.16,58.8,Needs Improvement
39,2,2024,12,6,38.3,53.82,120.1,176.0,45.79,52.6,Needs Improvement
27,8,2025,17,5,35.05,19.19,116.4,176.0,41.24,35.7,Low Productivity
9,7,2025,8,6,81.77,78.95,133.9,176.0,75.06,78.3,Excellent
15,6,2025,18,15,95.95,91.57,128.9,176.0,97.89,89.8,Excellent
15,11,2025,18,11,62.37,65.9,124.1,176.0,67.5,63.2,Good
26,4,2024,17,14,84.64,76.42,147.9,176.0,84.72,82.8,Excellent
42,2,2025,10,2,41.11,14.68,113.8,176.0,43.02,35.0,Low Productivity
13,5,2024,21,12,49.79,61.38,113.9,176.0,52.59,56.0,Needs Improvement
32,11,2025,8,3,43.26,37.61,104.5,176.0,39.13,42.2,Needs Improvement
39,1,2025,12,11,97.93,88.4,156.7,176.0,100.0,94.4,Outstanding
49,4,2024,21,8,39.65,30.97,119.1,176.0,34.73,45.2,Needs Improvement
32,9,2025,7,3,50.9,49.9,123.5,176.0,50.38,56.6,Needs Improvement
4,1,2024,21,12,51.95,59.09,125.3,176.0,49.07,59.7,Needs Improvement
30,6,2024,13,3,32.34,33.2,88.9,176.0,36.72,26.9,Low Productivity
37,6,2025,6,3,64.21,42.49,140.4,176.0,67.55,55.0,Needs Improvement
23,6,2025,29,15,60.15,42.92,141.2,176.0,62.99,56.8,Needs Improvement
39,6,2024,17,12,74.43,77.97,130.9,176.0,75.84,70.8,Good
45,2,2025,24,18,77.28,61.03,136.0,176.0,79.46,77.2,Excellent
15,1,2025,6,3,51.88,45.89,131.8,176.0,61.92,52.6,Needs Improvement
43,7,2024,24,11,54.35,64.61,119.2,176.0,60.97,55.8,Needs Improvement
29,8,2024,15,4,25.82,24.66,110.4,176.0,21.01,38.6,Low Productivity
36,4,2024,26,20,85.68,83.62,146.7,176.0,83.01,85.2,Excellent
13,6,2024,19,12,64.39,51.43,137.8,176.0,63.34,65.2,Good
32,11,2025,15,8,50.53,60.18,117.7,176.0,49.32,58.4,Needs Improvement
7,4,2025,27,13,41.18,48.3,91.3,176.0,37.04,46.5,Needs Improvement
22,4,2024,7,3,51.74,50.94,122.0,176.0,54.67,56.3,Needs Improvement
28,8,2025,7,3,59.63,60.0,135.0,176.0,59.33,62.4,Good
2,11,2025,16,7,41.83,43.22,122.4,176.0,42.91,49.3,Needs Improvement
42,5,2025,28,21,84.9,81.17,130.8,176.0,76.36,81.2,Excellent
45,11,2025,9,7,72.7,70.4,135.0,176.0,64.84,77.3,Excellent
6,11,2025,24,21,91.59,88.24,187.3,176.0,88.89,89.6,Excellent
28,11,2025,11,7,69.97,70.11,138.2,176.0,73.01,73.1,Good
28,6,2024,11,6,66.97,57.05,94.1,176.0,69.36,59.6,Needs Improvement
44,11,2025,17,12,61.65,63.57,128.6,176.0,66.69,68.1,Good
44,2,2025,13,10,82.31,73.08,138.3,176.0,78.8,73.4,Good
20,5,2024,29,13,45.3,54.51,98.2,176.0,48.73,46.1,Needs Improvement
30,1,2025,25,13,51.93,60.89,121.0,176.0,59.58,53.8,Needs Improvement
11,5,2025,17,10,63.8,65.53,120.3,176.0,68.44,70.9,Good
28,10,2025,16,10,68.15,75.41,133.6,176.0,61.69,76.6,Excellent
25,2,2024,17,11,60.22,70.21,131.9,176.0,65.75,64.0,Good
39,2,2024,28,22,74.18,82.04,134.0,176.0,75.81,74.2,Good
33,6,2025,14,5,48.78,26.84,109.1,176.0,51.05,42.3,Needs Improvement
1,9,2025,5,2,45.19,35.54,127.0,176.0,57.67,50.7,Needs Improvement
27,1,2024,29,20,73.25,76.43,138.8,176.0,74.48,76.7,Excellent
13,6,2025,12,10,86.19,98.06,149.7,176.0,89.34,97.2,Outstanding
41,12,2025,26,16,64.62,52.08,135.2,176.0,65.09,62.2,Good
3,7,2025,20,6,40.72,33.88,107.7,176.0,39.51,38.9,Low Productivity
39,1,2025,17,13,89.77,95.45,125.9,176.0,91.59,83.7,Excellent
6,4,2025,7,2,37.9,38.97,122.0,176.0,35.72,44.6,Needs Improvement
8,10,2025,7,2,34.77,41.94,94.9,176.0,35.5,38.8,Low Productivity
27,8,2024,28,7,34.46,27.96,95.0,176.0,32.95,33.8,Low Productivity
9,9,2025,9,4,42.13,53.86,96.8,176.0,31.74,56.5,Needs Improvement
37,11,2024,15,4,41.74,25.47,118.5,176.0,39.28,40.0,Needs Improvement
33,4,2025,11,5,50.64,36.77,121.6,176.0,55.42,47.3,Needs Improvement
42,6,2024,25,17,69.61,75.01,139.7,176.0,72.21,71.9,Good
44,11,2024,28,18,62.3,67.46,144.2,176.0,61.12,70.6,Good
24,8,2024,14,9,67.8,70.11,148.0,176.0,68.3,74.1,Good
15,12,2025,14,8,60.47,53.58,120.8,176.0,56.44,63.3,Good
32,5,2025,24,12,47.4,49.31,121.9,176.0,43.91,48.8,Needs Improvement
32,3,2025,6,5,93.11,85.93,151.4,176.0,93.14,84.4,Excellent
24,2,2024,7,5,77.74,68.03,135.0,176.0,76.66,72.8,Good
41,8,2024,12,9,70.69,77.76,128.7,176.0,66.92,76.1,Excellent
49,2,2024,15,6,37.43,46.55,134.1,176.0,37.09,46.2,Needs Improvement
49,10,2025,17,7,45.98,46.99,131.0,176.0,40.42,56.0,Needs Improvement
12,9,2025,11,8,70.96,78.09,147.9,176.0,78.84,78.9,Excellent
39,7,2024,17,9,57.45,57.14,145.3,176.0,61.93,60.4,Good
2,5,2025,6,4,71.11,71.06,145.1,176.0,60.25,82.2,Excellent
3,6,2024,10,6,53.12,54.66,124.5,176.0,57.31,58.5,Needs Improvement
49,9,2025,13,5,45.48,43.5,108.2,176.0,43.62,46.2,Needs Improvement
37,8,2024,24,17,68.3,77.09,142.7,176.0,65.57,72.8,Good
49,2,2025,29,11,44.67,38.63,91.0,176.0,48.44,42.9,Needs Improvement
17,7,2024,6,1,20.06,13.68,109.8,176.0,19.35,24.1,Low Productivity
49,3,2024,22,19,85.03,79.03,126.4,176.0,83.1,84.4,Excellent
2,5,2024,20,13,65.41,57.94,149.0,176.0,58.76,70.1,Good
2,4,2025,29,14,55.9,40.54,127.2,176.0,60.47,55.2,Needs Improvement
28,8,2024,16,13,91.16,100.0,174.8,176.0,96.34,90.4,Outstanding
23,5,2025,11,6,61.22,51.23,129.3,176.0,62.03,58.8,Needs Improvement
37,8,2025,11,5,47.14,49.78,129.9,176.0,41.31,56.0,Needs Improvement
32,4,2024,21,18,90.39,89.53,162.6,176.0,91.9,91.2,Outstanding
33,1,2025,17,15,93.09,100.0,141.6,176.0,96.3,90.1,Outstanding
1,9,2025,15,9,65.19,69.38,116.7,176.0,65.06,60.7,Good
19,10,2025,10,9,97.88,100.0,145.3,176.0,100.0,94.6,Outstanding
2,8,2025,27,16,56.57,62.79,128.6,176.0,57.41,64.7,Good
44,3,2025,18,17,99.58,96.9,155.6,176.0,100.0,96.5,Outstanding
26,11,2024,10,9,98.47,96.75,155.8,176.0,100.0,90.0,Outstanding
32,5,2024,10,5,53.07,47.94,129.8,176.0,50.61,58.4,Needs Improvement
6,6,2025,6,3,57.29,43.65,109.7,176.0,49.45,58.2,Needs Improvement
32,10,2024,26,22,88.44,85.95,161.0,176.0,87.59,86.3,Excellent
4,8,2024,24,22,87.6,88.89,161.0,176.0,84.78,90.0,Outstanding
11,6,2025,29,10,35.35,38.6,133.4,176.0,28.25,43.3,Needs Improvement
17,7,2025,19,15,91.0,74.97,153.3,176.0,94.11,82.6,Excellent
38,3,2024,21,15,72.66,62.68,138.5,176.0,72.67,75.6,Excellent
24,5,2025,12,10,83.36,76.59,181.7,176.0,74.25,84.5,Excellent
5,7,2024,9,6,73.05,68.85,134.3,176.0,80.78,72.1,Good
34,12,2024,21,12,56.72,45.2,130.8,176.0,53.08,57.0,Needs Improvement
6,3,2025,24,11,49.79,62.58,124.1,176.0,46.71,56.7,Needs Improvement
22,1,2024,5,3,69.45,85.25,149.7,176.0,74.16,75.7,Excellent
11,1,2024,26,19,70.11,81.18,140.6,176.0,72.25,78.7,Excellent
48,1,2025,22,6,25.36,25.87,144.6,176.0,30.82,41.2,Needs Improvement
16,5,2025,19,13,62.12,66.68,127.8,176.0,51.22,69.4,Good
33,10,2024,9,6,67.16,75.06,160.5,176.0,65.73,75.2,Excellent
9,12,2024,11,4,46.35,47.98,92.6,176.0,47.02,49.3,Needs Improvement
6,9,2024,22,19,96.91,93.25,137.9,176.0,100.0,87.9,Excellent
16,4,2025,10,6,60.87,53.43,107.8,176.0,56.64,61.4,Good
29,11,2025,26,17,61.37,66.73,120.7,176.0,59.67,65.0,Good
3,3,2025,25,19,84.3,82.88,118.3,176.0,85.0,79.2,Excellent
20,12,2024,9,4,59.26,34.54,124.4,176.0,63.07,50.4,Needs Improvement
36,3,2024,23,20,93.08,80.63,138.2,176.0,87.54,89.3,Excellent
19,2,2025,14,11,73.49,84.95,167.3,176.0,77.55,79.4,Excellent
26,5,2025,19,12,70.36,65.29,141.8,176.0,67.41,69.8,Good
3,2,2024,14,4,38.42,33.17,109.5,176.0,40.3,36.5,Low Productivity
19,11,2025,20,14,79.36,83.73,143.9,176.0,78.4,82.8,Excellent
20,7,2025,16,6,41.63,40.45,122.4,176.0,43.01,51.3,Needs Improvement
32,4,2024,22,19,82.75,82.72,167.1,176.0,83.81,82.9,Excellent
7,8,2024,27,23,85.02,84.57,142.2,176.0,91.4,85.7,Excellent
41,3,2025,5,2,57.39,49.3,111.0,176.0,56.21,53.6,Needs Improvement
33,11,2025,20,8,43.89,35.32,119.8,176.0,42.38,47.5,Needs Improvement
40,7,2025,26,19,68.29,73.05,163.4,176.0,73.63,81.4,Excellent
39,7,2025,10,2,35.12,17.47,80.8,176.0,42.12,31.0,Low Productivity
18,6,2024,7,5,85.0,76.56,149.4,176.0,83.02,78.5,Excellent
40,5,2025,6,3,69.29,56.85,148.1,176.0,72.75,64.2,Good
1,11,2025,6,2,46.9,43.08,122.2,176.0,42.63,47.4,Needs Improvement
11,8,2024,17,11,61.74,78.5,138.1,176.0,65.23,68.7,Good
28,1,2024,13,8,69.22,69.64,142.2,176.0,73.82,73.3,Good
25,8,2025,20,12,63.45,61.26,155.4,176.0,62.07,69.4,Good
50,12,2024,9,5,51.96,60.55,138.9,176.0,57.51,65.6,Good
23,4,2025,27,16,56.88,55.83,106.9,176.0,55.56,58.2,Needs Improvement
31,9,2024,25,11,50.35,52.25,116.0,176.0,50.47,56.1,Needs Improvement
30,7,2025,11,5,51.54,50.68,119.3,176.0,53.49,58.2,Needs Improvement
42,11,2025,17,10,72.24,60.04,143.7,176.0,67.44,62.9,Good
35,2,2025,24,14,59.19,63.34,129.6,176.0,52.4,62.1,Good
7,1,2024,28,16,49.62,60.66,126.7,176.0,51.02,59.5,Needs Improvement
16,7,2025,17,15,92.75,96.14,155.4,176.0,89.04,95.4,Outstanding
26,5,2024,11,8,77.82,81.55,142.5,176.0,71.71,81.9,Excellent
48,10,2024,14,9,67.15,62.91,133.8,176.0,71.0,63.3,Good
49,7,2025,19,10,56.31,66.29,118.4,176.0,63.89,58.8,Needs Improvement
2,3,2025,25,18,70.9,61.29,137.1,176.0,75.19,74.5,Good
1,1,2025,10,7,78.37,77.7,142.5,176.0,72.45,74.1,Good
48,10,2024,9,5,64.02,61.64,137.5,176.0,64.91,67.3,Good
12,7,2025,27,14,50.72,47.12,164.9,176.0,49.17,61.6,Good
5,8,2025,6,2,30.99,41.83,86.9,176.0,26.73,40.6,Needs Improvement
37,3,2025,25,18,70.95,59.84,148.3,176.0,71.38,74.4,Good
32,7,2024,19,14,64.63,86.93,161.3,176.0,64.29,77.6,Excellent
9,8,2025,20,9,41.72,63.59,104.8,176.0,40.56,51.3,Needs Improvement
41,12,2025,23,9,32.64,40.19,123.5,176.0,37.58,44.1,Needs Improvement
35,10,2024,13,4,36.61,23.72,100.1,176.0,43.11,36.5,Low Productivity
19,8,2024,26,16,66.84,57.15,121.7,176.0,65.22,56.7,Needs Improvement
48,1,2024,23,17,74.23,83.52,129.6,176.0,73.33,78.4,Excellent
16,6,2025,11,3,30.7,27.1,102.4,176.0,29.46,40.1,Needs Improvement
3,4,2024,8,4,58.58,29.74,120.7,176.0,61.15,52.1,Needs Improvement
20,6,2025,7,4,63.14,62.29,138.7,176.0,64.8,64.3,Good
24,3,2025,28,14,62.76,59.89,100.5,176.0,59.22,57.6,Needs Improvement
33,5,2025,24,18,78.42,81.23,154.4,176.0,77.77,82.1,Excellent
24,8,2024,15,4,37.23,35.36,116.4,176.0,29.75,43.4,Needs Improvement
11,9,2025,5,3,66.17,78.53,137.2,176.0,58.31,71.2,Good
49,6,2024,10,3,34.47,33.38,142.4,176.0,28.57,43.2,Needs Improvement
8,12,2025,15,10,76.25,86.61,156.8,176.0,74.99,76.1,Excellent
36,11,2024,5,2,52.8,48.81,112.5,176.0,55.86,53.2,Needs Improvement
38,11,2024,25,7,28.28,40.33,87.2,176.0,24.37,33.0,Low Productivity
40,2,2024,11,3,31.77,34.75,98.4,176.0,31.14,37.1,Low Productivity
20,6,2025,10,8,81.05,96.98,135.8,176.0,82.15,86.8,Excellent
35,10,2025,18,8,36.38,51.02,89.2,176.0,44.06,49.3,Needs Improvement
48,5,2025,6,4,69.9,70.66,144.6,176.0,70.18,74.5,Good
25,8,2025,8,2,21.87,17.19,81.7,176.0,22.38,31.0,Low Productivity
35,11,2025,15,7,44.69,49.22,121.6,176.0,41.67,46.8,Needs Improvement
25,9,2024,19,11,56.81,54.15,142.6,176.0,65.99,67.2,Good
29,8,2025,22,10,51.04,50.73,138.8,176.0,54.86,52.6,Needs Improvement
18,9,2024,5,3,65.72,68.76,127.0,176.0,60.16,67.9,Good
46,7,2025,7,6,88.48,96.53,139.8,176.0,95.97,86.6,Excellent
18,11,2025,7,2,36.82,43.04,131.0,176.0,40.4,47.5,Needs Improvement
2,11,2025,11,6,62.28,57.75,148.3,176.0,63.45,63.8,Good
35,3,2024,5,1,39.86,45.95,118.5,176.0,43.16,48.7,Needs Improvement
16,3,2025,29,9,33.65,45.73,97.0,176.0,39.33,48.5,Needs Improvement
41,11,2024,15,4,40.09,24.89,86.9,176.0,36.32,38.4,Low Productivity
36,5,2024,10,3,38.09,53.14,128.0,176.0,36.15,48.8,Needs Improvement
33,12,2024,24,12,52.13,60.94,120.0,176.0,51.94,61.8,Good
4,8,2025,7,5,71.22,67.26,157.9,176.0,65.02,69.8,Good
33,9,2024,23,14,59.78,46.71,119.4,176.0,63.42,57.1,Needs Improvement
14,1,2024,6,2,37.82,50.59,129.4,176.0,36.44,48.6,Needs Improvement
21,11,2024,22,5,26.86,25.07,119.8,176.0,24.93,32.6,Low Productivity
48,6,2024,16,13,87.26,81.74,144.7,176.0,84.05,82.0,Excellent
20,1,2025,14,9,61.82,69.59,138.3,176.0,61.65,71.0,Good
8,9,2024,9,7,84.59,91.25,128.0,176.0,85.37,82.9,Excellent
7,9,2025,13,7,64.17,38.95,107.1,176.0,69.15,53.7,Needs Improvement
3,7,2025,6,4,71.47,75.78,144.6,176.0,76.59,80.1,Excellent
17,5,2024,6,1,29.19,33.24,98.1,176.0,23.52,35.4,Low Productivity
33,12,2024,10,3,38.98,50.91,114.8,176.0,41.28,50.3,Needs Improvement
48,9,2024,14,10,81.41,81.15,142.1,176.0,87.56,78.0,Excellent
12,9,2025,22,19,87.18,95.92,161.3,176.0,86.06,90.3,Outstanding
22,9,2024,16,12,86.9,74.14,150.1,176.0,86.05,77.9,Excellent
22,3,2025,8,3,43.02,53.66,132.5,176.0,41.04,49.6,Needs Improvement
46,9,2024,26,16,65.78,60.96,135.3,176.0,68.47,64.5,Good
30,6,2025,25,11,37.33,44.97,121.3,176.0,38.77,43.2,Needs Improvement
38,5,2024,21,19,86.32,95.59,152.8,176.0,91.22,91.1,Outstanding
38,12,2024,19,18,93.79,95.54,171.6,176.0,93.23,94.4,Outstanding
45,1,2024,10,8,84.64,85.82,174.2,176.0,90.94,90.6,Outstanding
8,4,2025,20,13,75.49,79.79,146.7,176.0,78.47,73.8,Good
27,12,2024,21,9,41.78,42.35,123.7,176.0,47.66,48.1,Needs Improvement
27,5,2025,7,3,48.58,38.18,113.9,176.0,45.6,52.1,Needs Improvement
34,8,2025,14,11,75.57,75.01,149.5,176.0,83.4,82.3,Excellent
21,3,2025,9,4,58.53,44.49,116.9,176.0,55.75,55.2,Needs Improvement
30,2,2024,18,7,48.74,55.04,104.5,176.0,46.19,47.0,Needs Improvement
33,8,2025,25,16,71.59,71.63,130.2,176.0,69.62,72.0,Good
28,7,2024,17,12,79.56,82.94,166.3,176.0,77.05,80.7,Excellent
47,8,2025,10,4,48.4,55.99,117.8,176.0,57.87,52.6,Needs Improvement
33,8,2025,16,14,92.25,89.28,177.0,176.0,94.86,96.7,Outstanding
5,4,2024,12,4,34.79,48.31,93.6,176.0,37.27,46.4,Needs Improvement
48,3,2024,9,2,29.76,24.46,106.1,176.0,20.3,32.0,Low Productivity
19,2,2024,19,12,64.26,84.08,145.2,176.0,70.69,79.3,Excellent
4,5,2024,20,12,62.26,61.84,140.3,176.0,57.07,64.9,Good
35,2,2025,5,4,83.24,95.46,128.7,176.0,83.05,85.9,Excellent
49,3,2024,20,14,75.53,62.21,118.2,176.0,72.01,74.3,Good
17,7,2025,9,8,94.57,89.16,163.4,176.0,95.77,91.7,Outstanding
44,9,2025,7,2,44.42,27.19,103.7,176.0,52.09,42.3,Needs Improvement
28,5,2025,24,15,62.75,74.81,142.7,176.0,57.94,72.9,Good
30,6,2024,19,12,70.45,65.36,152.2,176.0,66.86,74.6,Good
29,9,2024,17,7,43.89,61.23,106.2,176.0,44.59,52.0,Needs Improvement
46,6,2024,28,11,32.46,38.84,106.3,176.0,40.31,45.7,Needs Improvement
6,12,2025,20,8,41.06,53.7,84.0,176.0,38.93,43.9,Needs Improvement
35,6,2024,27,13,53.2,50.96,132.3,176.0,49.62,51.6,Needs Improvement
41,11,2024,15,6,43.81,42.65,146.7,176.0,44.63,49.2,Needs Improvement
37,7,2025,25,15,51.39,58.78,110.2,176.0,51.42,56.8,Needs Improvement
24,3,2025,6,3,59.01,51.17,145.0,176.0,53.88,64.3,Good
29,8,2025,26,14,55.49,57.85,143.9,176.0,53.47,60.9,Good
49,9,2025,10,7,74.71,81.26,155.4,176.0,64.87,78.9,Excellent
46,6,2024,10,3,37.2,21.79,98.4,176.0,37.05,33.4,Low Productivity
31,12,2024,18,8,46.05,26.63,113.7,176.0,39.82,43.9,Needs Improvement
35,3,2025,29,9,21.35,28.6,113.2,176.0,33.69,37.9,Low Productivity
33,10,2025,15,9,68.29,74.11,139.7,176.0,71.06,68.1,Good
21,6,2024,12,3,28.58,29.49,98.4,176.0,29.85,33.6,Low Productivity
32,1,2024,12,7,72.94,54.95,139.2,176.0,75.57,65.9,Good
23,9,2024,5,3,60.73,50.87,126.6,176.0,58.27,63.1,Good
33,3,2025,25,21,85.42,95.82,147.6,176.0,84.71,93.6,Outstanding
3,9,2024,11,9,89.97,71.41,144.7,176.0,92.49,80.0,Excellent
18,10,2025,10,6,55.97,66.62,144.9,176.0,51.09,66.5,Good
25,6,2025,25,20,88.95,88.34,125.6,176.0,92.36,83.4,Excellent
42,5,2025,12,3,36.89,44.68,115.0,176.0,47.43,41.3,Needs Improvement
31,5,2024,23,15,68.54,61.94,139.0,176.0,61.14,68.6,Good
3,11,2025,26,24,92.31,100.0,120.5,176.0,94.98,95.2,Outstanding
40,8,2025,25,11,43.28,57.71,130.3,176.0,39.18,54.0,Needs Improvement
46,8,2025,28,18,62.8,55.71,148.1,176.0,66.26,66.3,Good
24,11,2024,24,7,33.72,33.23,99.7,176.0,35.42,36.5,Low Productivity
50,2,2025,12,7,44.84,58.9,134.7,176.0,54.24,61.0,Good
32,9,2025,18,6,35.17,29.44,114.4,176.0,43.67,37.7,Low Productivity
47,8,2025,22,7,29.09,34.68,139.5,176.0,21.85,42.1,Needs Improvement
22,11,2025,29,13,39.94,35.53,123.4,176.0,43.76,47.9,Needs Improvement
23,9,2025,20,7,35.95,38.08,109.6,176.0,39.68,38.9,Low Productivity
2,9,2025,13,8,54.93,79.67,146.2,176.0,60.87,74.1,Good
27,12,2024,19,8,49.96,42.31,139.3,176.0,52.32,56.5,Needs Improvement
42,8,2025,14,8,63.98,58.65,158.6,176.0,66.96,73.0,Good
2,12,2025,26,9,44.93,49.47,101.5,176.0,39.77,48.0,Needs Improvement
26,1,2024,20,13,65.51,78.23,141.0,176.0,67.62,73.8,Good
17,9,2024,8,2,33.87,27.89,96.9,176.0,32.79,36.0,Low Productivity
40,11,2025,24,11,53.36,54.75,154.2,176.0,56.78,59.3,Needs Improvement
33,4,2024,17,6,38.92,15.96,112.4,176.0,38.45,41.2,Needs Improvement
9,11,2025,26,17,65.66,60.46,149.2,176.0,67.9,69.2,Good
43,3,2024,9,5,60.97,68.93,125.8,176.0,64.05,64.4,Good
48,3,2024,26,9,34.0,30.94,115.5,176.0,37.17,41.6,Needs Improvement
39,11,2024,11,9,76.58,80.33,118.5,176.0,72.86,75.7,Excellent
29,4,2024,27,20,63.8,68.3,156.2,176.0,75.89,78.8,Excellent
42,2,2024,13,9,65.14,61.08,155.3,176.0,66.41,70.4,Good
26,6,2024,12,4,27.2,19.03,102.3,176.0,30.36,37.8,Low Productivity
35,2,2025,20,9,45.41,46.85,92.7,176.0,45.7,46.3,Needs Improvement
50,9,2025,10,6,74.6,71.23,156.2,176.0,69.06,74.0,Good
25,9,2024,20,9,37.08,48.3,137.4,176.0,41.0,50.1,Needs Improvement
24,11,2024,10,8,87.38,78.48,160.0,176.0,88.72,84.0,Excellent
13,12,2025,18,9,56.42,38.87,117.5,176.0,60.86,48.5,Needs Improvement
7,2,2024,25,15,55.87,60.74,126.8,176.0,52.54,66.2,Good
36,4,2024,5,1,45.76,26.16,129.4,176.0,44.1,44.7,Needs Improvement
45,7,2024,29,7,26.42,20.66,96.6,176.0,27.76,26.6,Low Productivity
20,2,2025,13,6,58.51,52.76,123.7,176.0,58.76,56.4,Needs Improvement
1,10,2024,29,15,56.06,47.74,123.7,176.0,54.63,55.7,Needs Improvement
8,12,2024,28,13,46.85,59.44,124.2,176.0,48.19,56.7,Needs Improvement
46,8,2025,17,4,11.28,17.46,99.0,176.0,18.43,26.5,Low Productivity
16,12,2025,23,21,86.46,87.2,153.8,176.0,88.75,92.0,Outstanding
14,9,2024,21,12,62.56,65.96,154.2,176.0,68.42,70.1,Good
12,10,2025,15,10,77.25,75.09,143.5,176.0,76.41,81.5,Excellent
23,10,2025,12,4,33.56,44.72,118.2,176.0,33.83,38.8,Low Productivity
15,4,2024,27,7,27.74,22.93,114.8,176.0,28.96,38.2,Low Productivity
28,8,2025,9,3,33.81,40.72,92.1,176.0,31.59,42.4,Needs Improvement
34,10,2024,14,9,67.54,71.79,147.6,176.0,68.8,70.6,Good
2,2,2025,11,9,87.0,90.09,153.8,176.0,94.84,86.9,Excellent
32,4,2024,14,8,58.71,60.31,119.2,176.0,67.43,61.3,Good
23,11,2025,8,5,68.74,70.16,131.0,176.0,75.62,69.9,Good
22,7,2024,13,6,44.64,47.49,126.5,176.0,46.17,50.4,Needs Improvement
25,10,2024,18,14,78.83,82.01,144.3,176.0,75.24,75.4,Excellent
22,11,2024,6,1,31.53,28.28,118.4,176.0,43.77,35.0,Low Productivity
22,6,2024,29,10,33.6,25.14,98.5,176.0,31.03,36.4,Low Productivity
49,7,2025,13,5,40.66,37.79,97.1,176.0,48.29,45.2,Needs Improvement
42,10,2025,25,15,58.88,78.31,117.9,176.0,60.71,62.8,Good
6,2,2025,5,3,77.87,60.11,134.3,176.0,72.71,74.3,Good
15,4,2025,27,8,32.58,43.25,106.7,176.0,25.17,36.6,Low Productivity
43,5,2024,14,12,86.83,94.43,146.6,176.0,93.79,90.1,Outstanding
37,3,2024,14,4,31.66,30.23,86.2,176.0,28.79,35.8,Low Productivity
33,2,2025,24,20,71.82,72.44,128.4,176.0,65.52,76.7,Excellent
8,9,2025,29,25,92.34,88.15,131.4,176.0,90.99,86.4,Excellent
44,4,2024,26,7,33.04,22.6,98.5,176.0,33.02,35.5,Low Productivity
44,8,2024,7,5,69.22,81.26,125.2,176.0,71.07,71.8,Good
5,7,2025,10,7,66.6,64.8,130.3,176.0,68.2,69.8,Good
39,1,2025,10,2,27.45,25.53,122.1,176.0,23.79,34.4,Low Productivity
4,5,2024,25,6,21.71,28.23,83.5,176.0,21.72,34.7,Low Productivity
6,4,2024,6,2,37.03,35.65,117.1,176.0,45.62,45.5,Needs Improvement
45,9,2025,22,12,56.16,62.29,105.9,176.0,50.9,54.8,Needs Improvement
32,7,2025,27,13,53.89,47.47,99.8,176.0,56.24,56.9,Needs Improvement
30,5,2025,6,3,52.42,35.78,126.2,176.0,47.15,54.6,Needs Improvement
47,5,2025,16,10,81.41,68.18,143.7,176.0,79.35,69.5,Good
35,4,2025,26,16,68.31,68.53,141.5,176.0,73.97,64.0,Good
40,9,2024,9,5,61.51,69.34,142.9,176.0,51.35,62.4,Good
16,2,2025,24,12,57.19,58.11,120.3,176.0,67.68,55.5,Needs Improvement
13,12,2025,11,5,54.42,63.21,127.3,176.0,47.96,60.5,Good
50,1,2025,28,20,75.89,77.29,132.9,176.0,65.84,75.5,Excellent
42,10,2024,20,15,77.05,68.39,160.2,176.0,77.15,79.5,Excellent
30,10,2024,24,13,61.18,49.67,111.1,176.0,59.03,55.9,Needs Improvement
19,2,2024,5,3,77.38,60.38,150.5,176.0,74.28,74.5,Good
17,7,2024,5,2,52.69,52.62,107.5,176.0,55.9,55.3,Needs Improvement
19,6,2024,21,12,63.63,62.96,127.8,176.0,59.0,66.6,Good
28,6,2025,5,2,38.45,28.13,88.5,176.0,41.3,33.4,Low Productivity
26,6,2025,25,12,47.15,62.23,124.9,176.0,51.29,56.6,Needs Improvement
37,1,2024,24,13,52.29,55.21,154.4,176.0,45.43,65.4,Good
26,10,2024,17,9,59.85,48.94,116.5,176.0,64.99,57.3,Needs Improvement
23,3,2025,13,6,64.98,38.96,117.7,176.0,68.84,53.3,Needs Improvement
9,4,2025,19,15,79.44,97.17,160.1,176.0,87.2,85.3,Excellent
12,6,2024,7,5,75.5,81.73,138.5,176.0,75.53,79.3,Excellent
1,9,2024,18,17,95.77,91.78,174.3,176.0,91.6,93.7,Outstanding
1,9,2025,27,16,67.73,69.52,135.6,176.0,74.0,66.6,Good
47,10,2024,15,9,65.47,60.61,143.0,176.0,65.71,70.4,Good
34,8,2025,28,17,69.82,59.04,101.4,176.0,78.94,59.5,Needs Improvement
32,9,2024,26,11,46.38,39.69,117.3,176.0,49.93,53.1,Needs Improvement
48,6,2024,16,7,39.62,41.94,98.4,176.0,39.49,45.4,Needs Improvement
25,11,2025,17,12,67.76,67.98,131.0,176.0,63.36,70.4,Good
40,5,2025,17,7,44.05,43.48,120.9,176.0,43.53,49.3,Needs Improvement
45,11,2025,5,4,89.85,100.0,146.6,176.0,94.53,90.3,Outstanding
1,7,2025,28,13,46.34,66.48,106.8,176.0,38.79,53.3,Needs Improvement
16,11,2024,14,10,81.88,62.19,156.3,176.0,79.86,75.8,Excellent
39,12,2024,7,4,64.84,63.81,143.2,176.0,56.76,64.8,Good
5,10,2025,28,21,65.14,77.23,119.9,176.0,59.93,73.7,Good
22,11,2025,8,3,40.38,45.24,124.2,176.0,37.32,54.8,Needs Improvement
29,1,2025,20,9,41.74,43.29,120.1,176.0,40.39,51.2,Needs Improvement
3,9,2025,12,8,82.83,77.65,142.2,176.0,84.59,77.2,Excellent
12,3,2024,20,18,82.43,82.49,178.2,176.0,85.94,90.9,Outstanding
26,11,2024,21,16,81.85,100.0,146.1,176.0,88.77,84.9,Excellent
16,7,2024,23,21,92.76,94.46,164.4,176.0,100.0,92.5,Outstanding
37,5,2025,26,7,31.64,33.41,105.3,176.0,37.57,36.0,Low Productivity
22,1,2025,19,14,77.2,66.64,143.8,176.0,75.3,76.3,Excellent
29,11,2025,20,16,90.43,74.52,130.2,176.0,91.6,82.3,Excellent
14,12,2024,19,9,55.11,38.78,157.2,176.0,52.3,62.6,Good
28,2,2024,29,11,31.25,52.09,66.2,176.0,32.5,42.9,Needs Improvement
5,5,2025,6,4,73.88,57.98,122.6,176.0,73.07,63.3,Good
47,2,2025,15,11,79.04,76.51,135.1,176.0,73.33,73.8,Good
49,6,2024,5,3,69.48,61.29,143.6,176.0,76.74,67.2,Good
30,12,2024,19,13,68.04,73.41,114.5,176.0,76.58,72.3,Good
46,11,2024,23,21,87.88,82.85,151.9,176.0,84.09,87.5,Excellent
5,6,2025,8,6,69.89,83.03,152.7,176.0,72.5,78.2,Excellent
12,12,2025,15,13,94.23,98.88,132.9,176.0,90.66,92.5,Outstanding
16,6,2025,9,7,83.02,73.76,141.2,176.0,82.63,78.7,Excellent
26,4,2024,7,5,76.77,79.43,141.3,176.0,74.11,82.3,Excellent
26,2,2025,17,14,70.18,88.54,137.9,176.0,67.05,76.6,Excellent
48,7,2024,14,10,76.94,73.49,137.7,176.0,77.89,75.8,Excellent
21,7,2024,15,11,63.89,66.08,132.9,176.0,54.81,65.0,Good
39,1,2025,22,13,69.98,64.72,141.8,176.0,67.37,67.8,Good
36,5,2025,6,4,61.85,81.18,143.2,176.0,81.93,75.8,Excellent
33,1,2025,11,3,32.9,44.9,103.5,176.0,25.19,36.2,Low Productivity
30,2,2024,13,11,88.92,92.37,151.2,176.0,87.02,81.9,Excellent
37,7,2025,14,6,49.84,54.15,112.6,176.0,51.28,55.7,Needs Improvement
23,6,2025,22,16,74.98,70.24,158.7,176.0,74.08,77.6,Excellent
10,5,2025,27,21,81.0,73.01,151.1,176.0,77.18,76.4,Excellent
5,1,2024,11,3,33.57,35.19,106.5,176.0,38.41,40.9,Needs Improvement
36,7,2024,11,6,54.01,73.24,130.7,176.0,54.76,61.6,Good
34,11,2024,7,3,50.92,49.93,151.7,176.0,47.8,58.3,Needs Improvement
31,10,2025,16,10,63.56,66.46,120.1,176.0,67.85,64.2,Good
10,9,2024,11,7,56.15,67.94,145.2,176.0,53.51,63.4,Good
19,7,2025,21,17,85.64,81.07,153.5,176.0,81.27,87.0,Excellent
32,7,2024,5,3,78.57,90.94,140.0,176.0,81.51,78.9,Excellent
1,2,2024,9,5,60.22,68.72,113.9,176.0,53.68,62.0,Good
5,3,2025,20,7,37.79,60.64,124.3,176.0,46.58,52.6,Needs Improvement
45,6,2024,19,7,44.67,35.27,117.7,176.0,52.25,43.2,Needs Improvement
4,9,2024,6,2,41.78,42.27,132.9,176.0,44.51,46.9,Needs Improvement
16,6,2025,13,3,28.84,30.24,121.1,176.0,25.92,35.9,Low Productivity
24,10,2025,11,6,58.91,51.66,130.2,176.0,53.57,64.7,Good
16,4,2025,8,6,79.35,80.73,138.0,176.0,66.49,84.6,Excellent
2,1,2024,24,10,48.45,43.07,144.2,176.0,56.53,53.7,Needs Improvement
49,12,2025,22,18,79.75,78.75,136.7,176.0,74.91,86.7,Excellent
28,5,2025,25,18,73.96,67.02,152.3,176.0,75.73,76.1,Excellent
32,7,2025,8,3,37.71,43.96,87.8,176.0,38.7,42.5,Needs Improvement
27,3,2025,17,13,73.89,68.89,165.7,176.0,65.53,73.7,Good
20,4,2024,5,3,84.32,72.37,110.4,176.0,81.29,72.0,Good
24,6,2024,28,9,35.2,37.41,102.9,176.0,29.54,40.6,Needs Improvement
12,9,2025,7,4,66.45,66.85,118.4,176.0,70.42,70.0,Good
50,4,2024,20,18,91.25,90.7,175.1,176.0,95.43,91.3,Outstanding
35,7,2024,26,17,67.24,81.7,122.7,176.0,66.02,76.1,Excellent
33,12,2025,8,3,46.65,54.25,122.4,176.0,42.43,47.2,Needs Improvement
33,7,2025,29,13,49.03,48.72,122.5,176.0,49.97,51.6,Needs Improvement
43,3,2024,27,16,61.22,52.03,106.4,176.0,66.76,59.6,Needs Improvement
37,5,2025,29,8,24.79,35.9,119.0,176.0,17.39,38.1,Low Productivity
12,3,2024,20,9,46.47,68.15,118.1,176.0,57.04,58.0,Needs Improvement
3,7,2024,23,17,76.67,86.81,163.3,176.0,75.45,82.5,Excellent
1,4,2024,5,2,51.23,40.99,130.3,176.0,50.64,55.2,Needs Improvement
33,4,2024,9,5,56.16,56.66,115.2,176.0,64.17,58.1,Needs Improvement
40,2,2025,23,14,59.58,56.26,126.7,176.0,59.3,61.2,Good
10,7,2024,26,8,35.07,25.48,102.9,176.0,34.54,34.1,Low Productivity
43,1,2024,28,9,37.75,44.53,120.0,176.0,33.18,51.2,Needs Improvement
44,2,2025,15,12,90.44,94.4,159.6,176.0,87.55,89.5,Excellent
29,1,2025,17,4,26.43,39.66,90.3,176.0,22.9,35.7,Low Productivity
13,6,2024,24,18,66.34,82.15,155.6,176.0,57.51,77.7,Excellent
12,5,2025,9,6,82.24,70.09,142.5,176.0,71.84,79.6,Excellent
31,9,2025,25,15,63.57,65.12,140.9,176.0,62.41,67.2,Good
46,11,2024,8,4,52.12,46.93,131.1,176.0,45.22,57.0,Needs Improvement
2,8,2025,8,6,80.21,91.46,156.8,176.0,83.48,82.3,Excellent
50,2,2025,8,2,26.09,22.14,88.5,176.0,24.99,35.9,Low Productivity
35,11,2025,8,6,77.94,78.76,148.5,176.0,69.96,81.5,Excellent
23,4,2025,24,19,82.82,77.32,158.9,176.0,90.45,87.3,Excellent
17,3,2024,25,6,25.39,1.56,117.6,176.0,23.25,26.2,Low Productivity
26,5,2024,22,18,85.32,92.7,165.3,176.0,87.89,87.7,Excellent
8,8,2025,22,9,29.96,34.89,100.7,176.0,38.18,39.4,Low Productivity
29,9,2024,20,9,47.07,53.71,149.7,176.0,46.9,55.9,Needs Improvement
26,12,2024,13,9,66.18,67.97,163.7,176.0,66.25,75.9,Excellent
10,11,2024,22,16,73.43,72.38,127.8,176.0,80.62,67.8,Good
26,9,2024,26,17,70.31,60.25,130.8,176.0,68.84,68.0,Good
34,5,2025,6,4,66.46,80.64,145.9,176.0,71.83,72.0,Good
41,12,2024,25,19,74.82,90.09,130.9,176.0,74.45,76.7,Excellent
7,7,2025,8,5,72.57,80.08,146.4,176.0,73.42,77.8,Excellent
4,7,2025,16,6,40.26,44.91,117.4,176.0,41.04,48.5,Needs Improvement
50,3,2024,11,7,59.06,65.43,150.8,176.0,57.22,70.4,Good
45,6,2024,19,12,57.37,74.67,139.2,176.0,54.7,70.2,Good
11,4,2024,11,8,75.53,72.84,108.6,176.0,72.27,72.0,Good
29,7,2024,26,10,37.51,50.63,125.0,176.0,31.03,46.7,Needs Improvement
36,7,2024,25,12,40.32,40.95,137.4,176.0,38.09,48.2,Needs Improvement
25,3,2024,21,12,65.88,67.51,126.8,176.0,64.56,67.1,Good
21,4,2025,20,5,28.93,37.52,104.0,176.0,30.96,35.7,Low Productivity
36,4,2024,23,10,38.16,35.31,117.5,176.0,37.69,46.4,Needs Improvement
10,6,2025,13,4,34.43,31.24,101.6,176.0,39.81,39.5,Low Productivity
37,5,2024,18,8,51.57,45.98,154.1,176.0,56.73,49.4,Needs Improvement
9,3,2025,21,12,56.57,60.83,114.2,176.0,63.29,61.1,Good
24,1,2025,9,4,42.73,39.88,129.8,176.0,41.72,47.1,Needs Improvement
35,2,2024,6,4,74.21,71.19,150.2,176.0,71.66,77.0,Excellent
49,2,2025,24,17,70.49,54.8,130.2,176.0,63.66,62.0,Good
35,5,2025,20,13,73.16,73.13,119.6,176.0,79.7,75.7,Excellent
48,3,2024,18,13,72.48,81.04,138.0,176.0,66.71,74.7,Good
36,9,2024,18,10,56.07,71.09,137.6,176.0,51.56,66.7,Good
18,11,2025,5,2,59.91,64.41,132.5,176.0,61.03,61.9,Good
49,12,2025,7,3,51.06,43.28,144.2,176.0,49.52,51.9,Needs Improvement
39,12,2025,11,7,64.98,55.62,122.2,176.0,72.22,65.1,Good
32,11,2024,19,18,98.17,91.14,149.7,176.0,94.33,93.0,Outstanding
24,6,2024,23,12,51.21,54.54,137.4,176.0,51.36,58.4,Needs Improvement
23,12,2024,24,7,26.28,24.28,79.8,176.0,17.02,33.8,Low Productivity
32,7,2024,6,3,57.46,46.48,113.7,176.0,63.62,55.0,Needs Improvement
37,3,2025,23,10,49.33,43.67,113.2,176.0,40.95,50.4,Needs Improvement
12,10,2024,13,8,73.16,55.08,134.2,176.0,85.6,65.6,Good
49,12,2024,23,7,37.98,26.1,99.6,176.0,37.39,39.3,Low Productivity
13,1,2025,9,6,71.99,71.5,108.4,176.0,70.55,69.3,Good
23,6,2025,22,9,43.94,43.92,134.6,176.0,43.78,51.0,Needs Improvement
25,8,2024,20,7,38.33,44.58,130.6,176.0,32.96,47.9,Needs Improvement
35,4,2025,8,6,81.44,79.87,117.9,176.0,84.73,80.6,Excellent
41,10,2025,16,5,36.98,37.44,119.9,176.0,34.94,44.9,Needs Improvement
30,12,2025,11,8,76.77,79.07,137.2,176.0,75.21,73.1,Good
17,8,2025,18,6,39.86,36.8,116.6,176.0,46.29,41.0,Needs Improvement
49,7,2025,27,10,31.15,29.67,114.2,176.0,22.55,40.4,Needs Improvement
20,4,2025,16,14,93.17,81.3,128.3,176.0,92.19,85.4,Excellent
48,3,2024,7,3,50.65,64.35,132.8,176.0,50.1,55.2,Needs Improvement
25,10,2025,9,5,66.62,85.06,119.2,176.0,67.31,65.9,Good
22,4,2024,21,11,62.44,61.97,85.9,176.0,59.66,60.7,Good
13,3,2025,14,5,32.1,29.18,112.8,176.0,30.5,45.5,Needs Improvement
19,3,2025,14,6,43.9,59.09,91.7,176.0,53.15,44.4,Needs Improvement
49,5,2024,15,7,40.44,46.33,137.0,176.0,42.94,53.4,Needs Improvement
36,5,2025,21,7,34.5,39.83,104.8,176.0,30.6,41.7,Needs Improvement
12,1,2025,9,5,59.49,57.55,127.4,176.0,62.75,64.0,Good
41,1,2024,17,13,83.1,80.35,150.9,176.0,83.33,82.9,Excellent
19,11,2024,14,12,93.03,89.17,155.7,176.0,96.74,93.5,Outstanding
12,6,2025,13,4,35.35,43.52,97.6,176.0,34.33,33.8,Low Productivity
9,7,2024,21,12,58.05,60.09,146.2,176.0,54.01,64.8,Good
7,1,2025,5,3,71.43,76.42,135.6,176.0,63.08,71.1,Good
28,3,2025,8,6,80.0,87.68,129.5,176.0,85.76,79.0,Excellent
14,9,2025,8,4,61.75,59.45,133.6,176.0,65.17,59.8,Needs Improvement
31,8,2025,22,18,91.42,72.44,146.4,176.0,93.21,83.3,Excellent
19,6,2024,13,8,63.98,57.65,131.1,176.0,67.23,65.6,Good
47,7,2024,29,19,59.61,72.16,135.1,176.0,65.79,70.5,Good
16,5,2025,22,12,56.75,58.23,125.5,176.0,48.33,58.5,Needs Improvement
5,4,2025,18,6,40.55,30.5,131.5,176.0,40.97,47.8,Needs Improvement
35,5,2024,29,22,72.59,77.53,129.7,176.0,63.54,72.9,Good
12,4,2024,19,6,39.16,34.63,75.2,176.0,37.19,32.3,Low Productivity
25,1,2024,10,8,85.23,92.88,150.6,176.0,86.88,88.9,Excellent
21,5,2024,28,14,49.69,68.05,135.3,176.0,47.93,59.0,Needs Improvement
36,7,2025,14,10,66.53,57.17,116.9,176.0,75.34,68.9,Good
23,11,2024,19,9,50.78,59.12,125.0,176.0,49.32,54.5,Needs Improvement
16,10,2024,8,5,80.26,72.92,115.8,176.0,76.41,70.6,Good
39,5,2024,22,8,40.5,30.43,123.6,176.0,40.66,41.3,Needs Improvement
45,2,2025,22,15,64.64,69.63,134.8,176.0,59.46,67.4,Good
42,4,2024,29,15,54.66,63.66,108.5,176.0,50.28,57.4,Needs Improvement
39,5,2025,21,8,46.58,56.54,90.0,176.0,51.26,49.3,Needs Improvement
14,7,2025,16,8,59.78,45.81,155.9,176.0,64.74,57.8,Needs Improvement
31,3,2024,11,9,79.79,79.17,183.3,176.0,80.57,83.2,Excellent
5,4,2024,20,9,56.27,38.16,102.6,176.0,59.32,50.9,Needs Improvement
35,2,2024,15,5,38.98,39.77,93.8,176.0,49.42,42.8,Needs Improvement
23,2,2024,18,14,88.37,81.86,144.9,176.0,88.08,84.6,Excellent
29,11,2024,7,6,94.27,100.0,149.0,176.0,89.93,90.4,Outstanding
43,2,2024,23,13,61.24,61.88,121.8,176.0,63.92,59.5,Needs Improvement
11,5,2025,22,15,66.8,78.69,141.5,176.0,70.97,76.6,Excellent
18,1,2024,14,9,72.85,56.83,163.1,176.0,77.52,73.8,Good
47,12,2025,10,4,35.19,54.6,132.9,176.0,40.91,48.8,Needs Improvement
12,7,2024,17,14,88.24,97.27,144.7,176.0,93.21,86.0,Excellent
9,3,2025,14,9,62.62,60.54,142.7,176.0,65.22,64.4,Good
10,7,2025,22,16,74.1,68.25,111.9,176.0,77.28,67.8,Good
44,11,2025,24,12,55.8,56.34,122.3,176.0,57.85,59.2,Needs Improvement
17,3,2025,20,15,74.92,64.2,137.8,176.0,66.97,75.7,Excellent
38,10,2024,29,14,54.24,42.83,133.4,176.0,45.65,54.0,Needs Improvement
7,5,2024,29,21,71.96,65.77,148.5,176.0,66.69,71.6,Good
46,3,2024,10,7,80.45,79.02,148.5,176.0,84.55,78.0,Excellent
13,11,2025,17,10,71.39,57.09,135.4,176.0,69.2,63.3,Good
40,1,2025,8,2,36.37,29.48,102.1,176.0,37.05,36.1,Low Productivity
42,8,2025,27,15,56.0,49.31,139.6,176.0,63.82,59.8,Needs Improvement
9,8,2024,18,13,76.4,70.59,147.5,176.0,81.82,78.5,Excellent
50,6,2025,5,3,66.5,58.63,132.1,176.0,55.63,69.2,Good
27,8,2024,24,11,43.34,52.69,120.2,176.0,46.99,49.8,Needs Improvement
2,2,2025,9,5,72.46,71.17,142.4,176.0,72.74,68.4,Good
5,5,2024,12,9,75.02,80.26,155.7,176.0,71.74,78.1,Excellent
29,4,2025,16,10,60.41,79.09,129.3,176.0,58.77,73.4,Good
37,2,2025,6,2,39.82,33.87,99.1,176.0,38.25,37.9,Low Productivity
38,1,2024,16,10,65.67,57.9,124.3,176.0,59.11,64.1,Good
19,12,2024,9,6,72.28,76.86,132.6,176.0,73.51,71.8,Good
8,12,2025,26,12,47.94,52.76,120.4,176.0,58.82,52.7,Needs Improvement
48,12,2024,9,2,29.57,30.51,122.3,176.0,34.65,40.2,Needs Improvement
45,7,2025,17,7,48.9,46.57,110.4,176.0,38.77,49.4,Needs Improvement
1,1,2025,13,8,69.65,57.03,138.3,176.0,71.11,64.6,Good
22,8,2024,14,7,50.04,29.72,118.0,176.0,51.49,50.9,Needs Improvement
17,7,2025,5,4,98.58,90.09,148.8,176.0,93.6,89.5,Excellent
7,10,2025,7,2,34.6,37.25,108.1,176.0,28.55,40.2,Needs Improvement
25,7,2024,22,7,34.36,30.9,125.5,176.0,38.85,41.7,Needs Improvement
45,1,2024,16,4,20.2,22.38,105.1,176.0,20.73,27.3,Low Productivity
4,11,2024,7,4,70.12,64.28,96.9,176.0,67.73,69.4,Good
36,6,2025,29,8,32.36,25.29,99.6,176.0,35.37,33.4,Low Productivity
6,7,2025,13,12,100.0,100.0,181.6,176.0,100.0,100.0,Outstanding
31,11,2024,6,5,76.7,78.49,165.9,176.0,77.99,82.9,Excellent
19,2,2025,7,2,29.37,33.95,114.9,176.0,30.82,39.2,Low Productivity
44,11,2024,18,9,48.12,46.54,138.1,176.0,48.01,57.7,Needs Improvement
39,11,2025,8,5,75.31,51.87,146.6,176.0,73.34,71.1,Good
27,3,2024,29,7,25.91,22.54,117.6,176.0,30.0,33.4,Low Productivity
10,4,2025,23,15,54.46,79.0,115.9,176.0,53.5,65.9,Good
26,4,2025,17,10,66.2,58.88,130.6,176.0,68.7,61.1,Good
19,2,2025,11,4,31.46,39.31,115.2,176.0,38.96,39.9,Low Productivity
39,11,2025,16,8,57.02,54.83,124.6,176.0,60.74,61.8,Good
3,7,2024,7,5,90.03,78.67,133.0,176.0,83.66,77.3,Excellent
45,8,2025,27,19,80.03,85.57,140.8,176.0,73.37,81.4,Excellent
13,1,2025,27,17,64.76,57.12,105.3,176.0,71.03,64.2,Good
50,4,2024,13,7,55.13,58.51,133.5,176.0,54.57,62.6,Good
28,12,2024,6,2,52.82,52.52,107.1,176.0,54.12,53.3,Needs Improvement
20,7,2024,26,14,58.55,49.66,91.7,176.0,54.59,50.4,Needs Improvement
28,5,2025,13,4,32.58,34.5,107.4,176.0,35.66,35.2,Low Productivity
8,9,2025,16,4,23.55,34.11,124.2,176.0,32.99,34.6,Low Productivity
41,8,2025,16,10,62.95,63.33,105.5,176.0,63.71,69.0,Good
39,6,2024,19,6,34.8,31.54,102.7,176.0,38.04,42.2,Needs Improvement
1,1,2024,6,2,33.45,26.32,84.1,176.0,39.67,35.4,Low Productivity
3,6,2024,22,18,84.66,91.39,150.9,176.0,93.06,90.1,Outstanding
13,3,2025,17,10,66.1,62.73,142.2,176.0,62.7,63.8,Good
28,10,2024,18,11,61.45,60.25,118.8,176.0,63.52,62.0,Good
49,8,2024,9,2,34.55,28.86,98.7,176.0,40.92,41.1,Needs Improvement
25,10,2025,14,8,67.39,61.2,126.8,176.0,75.16,70.9,Good
33,5,2025,16,12,79.61,80.31,160.7,176.0,77.49,83.7,Excellent
38,8,2024,14,13,97.65,88.93,134.4,176.0,94.3,85.2,Excellent
6,1,2024,28,16,61.66,55.06,120.9,176.0,60.89,64.8,Good
44,7,2025,15,7,47.65,45.46,141.6,176.0,46.05,52.8,Needs Improvement
45,5,2024,29,23,85.69,82.72,134.3,176.0,84.3,83.8,Excellent
32,4,2024,6,2,57.5,62.3,113.6,176.0,59.56,57.6,Needs Improvement
45,2,2025,9,4,50.98,40.29,120.1,176.0,48.28,53.3,Needs Improvement
47,8,2025,11,8,79.76,67.5,179.5,176.0,87.55,81.6,Excellent
21,4,2025,10,3,34.86,46.9,91.8,176.0,32.84,49.8,Needs Improvement
16,1,2025,26,11,44.09,37.72,127.1,176.0,41.09,51.3,Needs Improvement
21,2,2025,27,15,62.19,69.19,108.1,176.0,56.34,58.4,Needs Improvement
11,11,2024,7,2,37.06,49.64,96.6,176.0,43.34,39.7,Low Productivity
37,5,2024,17,8,42.36,51.84,110.3,176.0,35.9,45.6,Needs Improvement
36,12,2025,7,3,48.62,56.0,124.0,176.0,50.91,55.8,Needs Improvement
35,10,2024,29,21,75.08,60.32,131.7,176.0,78.55,74.2,Good
19,3,2024,28,25,98.98,80.76,155.3,176.0,84.4,81.8,Excellent
20,4,2025,25,13,43.37,56.93,113.0,176.0,36.83,58.5,Needs Improvement
18,12,2024,10,5,56.99,52.85,126.0,176.0,55.1,59.6,Needs Improvement
47,7,2025,15,8,56.09,51.83,107.0,176.0,65.56,61.5,Good
41,11,2024,21,7,41.22,43.64,90.6,176.0,39.34,39.6,Low Productivity
49,3,2025,14,11,83.61,87.07,140.3,176.0,81.09,85.1,Excellent
14,4,2024,16,14,90.51,100.0,163.9,176.0,86.77,95.3,Outstanding
15,2,2024,21,13,68.71,61.06,134.1,176.0,64.88,64.3,Good
31,5,2025,8,6,86.42,79.89,132.4,176.0,83.24,76.5,Excellent
1,9,2024,6,4,77.48,90.28,125.4,176.0,74.12,82.4,Excellent
3,2,2025,15,9,63.58,53.7,146.7,176.0,60.0,65.9,Good
16,3,2025,11,8,81.53,74.48,160.6,176.0,77.95,80.7,Excellent
23,3,2024,6,4,82.54,69.75,149.0,176.0,80.64,81.8,Excellent
11,8,2025,22,8,42.16,50.57,114.9,176.0,46.92,47.0,Needs Improvement
12,6,2024,25,15,61.22,82.48,98.5,176.0,55.62,67.1,Good
10,9,2024,8,4,59.15,64.12,138.9,176.0,55.92,66.6,Good
32,3,2024,12,5,52.81,48.57,139.5,176.0,50.21,55.3,Needs Improvement
16,11,2024,24,9,42.93,39.05,128.0,176.0,42.93,42.6,Needs Improvement
8,10,2025,18,11,60.4,62.97,146.6,176.0,56.59,66.9,Good
38,7,2025,16,7,43.9,45.1,90.7,176.0,54.28,49.4,Needs Improvement
12,9,2024,26,16,62.97,51.75,119.5,176.0,65.89,60.6,Good
24,9,2025,25,17,69.6,75.41,133.9,176.0,74.47,71.1,Good
28,2,2025,22,7,32.02,25.6,96.1,176.0,33.22,38.4,Low Productivity
8,1,2024,15,8,66.14,57.16,110.6,176.0,73.17,61.1,Good
28,10,2024,12,6,57.65,55.27,130.3,176.0,51.93,57.5,Needs Improvement
36,3,2025,6,4,86.03,68.66,154.8,176.0,83.24,75.5,Excellent
26,10,2024,29,12,49.82,48.18,93.8,176.0,45.74,47.7,Needs Improvement
8,3,2024,19,15,84.67,80.18,162.8,176.0,83.81,82.9,Excellent
50,1,2024,13,8,69.06,70.5,132.9,176.0,76.98,70.9,Good
28,5,2024,23,18,81.8,73.06,168.4,176.0,92.79,79.5,Excellent
28,6,2024,24,19,92.35,78.92,156.1,176.0,97.12,84.9,Excellent
37,3,2024,12,7,57.29,50.29,129.0,176.0,56.8,60.6,Good
41,10,2025,29,9,35.05,40.64,108.3,176.0,40.65,42.8,Needs Improvement
36,2,2025,23,8,32.8,33.32,108.7,176.0,40.22,44.5,Needs Improvement
27,3,2024,9,7,82.5,79.94,174.8,176.0,88.38,81.8,Excellent
17,8,2024,15,6,40.23,40.42,122.7,176.0,39.56,48.6,Needs Improvement
9,2,2024,19,13,75.44,68.38,129.9,176.0,74.9,73.1,Good
33,9,2025,12,10,84.68,86.88,155.5,176.0,81.39,82.3,Excellent
20,9,2024,23,12,43.95,60.56,132.0,176.0,42.72,59.4,Needs Improvement
13,6,2024,27,14,55.11,53.43,117.4,176.0,51.11,55.6,Needs Improvement
28,6,2024,12,8,67.72,72.28,125.8,176.0,67.4,75.5,Excellent
48,10,2025,23,10,44.9,22.25,135.4,176.0,44.79,44.7,Needs Improvement
29,1,2025,22,19,95.7,86.33,148.0,176.0,91.38,88.4,Excellent
13,2,2024,14,5,29.02,47.19,103.8,176.0,42.45,40.8,Needs Improvement
46,11,2025,11,9,80.46,90.19,158.0,176.0,81.94,84.4,Excellent
35,2,2025,13,4,25.22,24.94,99.1,176.0,31.69,29.6,Low Productivity
6,5,2025,5,4,94.51,93.34,160.6,176.0,100.0,91.7,Outstanding
18,12,2024,23,10,36.76,40.43,110.5,176.0,46.47,46.3,Needs Improvement
5,5,2024,9,6,62.28,78.86,97.6,176.0,57.74,68.7,Good
47,2,2025,23,10,43.98,52.87,121.9,176.0,41.25,54.1,Needs Improvement
25,1,2025,5,2,45.95,38.13,119.4,176.0,36.88,51.0,Needs Improvement
2,9,2024,19,14,72.38,77.01,146.9,176.0,64.29,78.5,Excellent
10,10,2025,20,6,35.34,24.46,75.7,176.0,30.29,35.9,Low Productivity
30,8,2025,27,23,86.97,81.4,128.9,176.0,86.21,84.2,Excellent
50,1,2025,11,7,75.0,67.58,155.3,176.0,74.53,71.5,Good
45,3,2024,16,11,64.5,64.08,136.9,176.0,80.37,70.0,Good
5,9,2024,12,5,55.14,48.15,87.8,176.0,57.65,48.9,Needs Improvement
33,2,2024,9,7,73.39,89.88,144.5,176.0,78.24,79.6,Excellent
1,1,2025,14,3,23.6,26.24,77.8,176.0,24.31,29.5,Low Productivity
18,2,2024,25,14,62.4,51.38,119.3,176.0,55.83,60.9,Good
32,6,2024,9,4,52.19,53.26,125.1,176.0,53.67,55.4,Needs Improvement
47,7,2024,21,13,67.3,64.74,134.3,176.0,59.23,70.0,Good
49,5,2025,9,6,70.08,70.12,152.4,176.0,69.18,75.0,Good
11,11,2025,26,10,35.67,56.67,120.4,176.0,38.91,52.2,Needs Improvement
21,2,2024,19,15,72.65,82.23,152.1,176.0,69.72,84.2,Excellent
26,1,2025,17,7,53.16,48.86,109.7,176.0,54.13,49.6,Needs Improvement
25,5,2024,5,2,45.96,29.54,105.2,176.0,42.95,43.8,Needs Improvement
22,4,2024,15,12,80.23,73.36,145.6,176.0,74.7,82.8,Excellent
27,4,2025,27,15,67.83,62.94,142.4,176.0,70.27,63.8,Good
49,3,2025,5,2,51.8,56.53,135.8,176.0,57.02,58.6,Needs Improvement
13,2,2024,15,5,34.82,31.67,104.7,176.0,40.03,37.5,Low Productivity
33,7,2025,22,16,70.31,79.1,139.5,176.0,69.1,73.1,Good
34,12,2024,22,13,55.07,69.05,115.8,176.0,44.19,64.5,Good
41,3,2024,25,9,47.86,34.63,128.0,176.0,48.3,45.4,Needs Improvement
35,10,2024,20,14,83.85,69.35,163.7,176.0,90.2,75.9,Excellent
1,10,2024,17,6,42.31,35.16,116.4,176.0,35.73,46.3,Needs Improvement
21,7,2024,11,8,85.56,84.6,120.0,176.0,94.46,76.1,Excellent
48,3,2024,5,1,31.37,23.02,112.2,176.0,21.07,34.0,Low Productivity
6,11,2024,20,11,53.06,63.58,150.2,176.0,55.04,66.1,Good
28,6,2024,5,4,95.15,89.84,138.2,176.0,99.3,92.7,Outstanding
17,11,2024,21,13,60.6,58.65,143.2,176.0,67.94,66.4,Good
5,6,2025,10,3,21.93,53.65,105.1,176.0,24.23,39.3,Low Productivity
31,12,2024,6,3,62.63,47.16,144.3,176.0,61.01,61.2,Good
5,8,2025,21,9,48.53,52.01,99.2,176.0,49.37,51.1,Needs Improvement
38,10,2024,10,6,59.19,51.33,126.1,176.0,55.78,60.7,Good
3,5,2025,18,8,42.94,50.01,92.3,176.0,32.99,48.4,Needs Improvement
23,10,2025,22,13,67.19,83.46,134.6,176.0,65.98,66.8,Good
37,12,2024,10,7,78.58,86.38,150.6,176.0,81.04,76.4,Excellent
37,7,2025,14,8,54.34,73.54,135.4,176.0,59.47,64.7,Good
10,9,2025,28,14,44.8,50.1,113.0,176.0,42.37,54.2,Needs Improvement
10,10,2024,22,14,73.45,71.7,124.7,176.0,80.83,71.8,Good
19,6,2024,13,10,81.46,83.12,140.0,176.0,80.62,77.5,Excellent
17,3,2025,12,8,79.38,90.3,152.5,176.0,81.77,86.1,Excellent
21,11,2024,14,11,88.6,70.55,121.7,176.0,92.33,77.3,Excellent
14,8,2025,21,11,50.61,62.4,117.2,176.0,50.88,52.9,Needs Improvement
9,5,2025,27,12,49.84,51.5,96.4,176.0,49.39,51.5,Needs Improvement
46,11,2025,10,8,75.37,77.9,142.0,176.0,83.15,84.3,Excellent
1,1,2025,18,12,69.12,69.96,137.5,176.0,60.62,70.7,Good
45,8,2025,26,18,74.64,58.96,168.9,176.0,74.86,76.9,Excellent
13,11,2025,26,23,89.25,64.09,142.1,176.0,80.07,85.9,Excellent
4,5,2025,10,4,51.82,39.96,135.1,176.0,42.83,53.2,Needs Improvement
1,5,2025,11,8,78.73,70.97,113.6,176.0,78.46,70.1,Good
49,12,2025,16,10,68.04,65.88,132.8,176.0,65.41,71.5,Good
40,3,2024,7,3,50.81,38.67,119.9,176.0,61.2,54.2,Needs Improvement
32,5,2025,18,8,50.93,47.44,131.2,176.0,49.66,50.7,Needs Improvement
34,1,2025,26,6,23.27,28.0,92.7,176.0,28.94,31.0,Low Productivity
28,9,2025,23,15,63.62,63.63,122.8,176.0,63.88,68.6,Good
31,10,2024,27,9,43.68,28.25,78.3,176.0,37.67,39.9,Low Productivity
8,1,2025,20,13,69.72,59.91,137.6,176.0,60.91,66.7,Good
39,11,2025,11,8,70.83,85.47,130.2,176.0,64.01,73.6,Good
26,7,2025,12,7,62.05,47.91,144.8,176.0,63.69,67.2,Good
34,10,2025,22,20,86.95,100.0,162.8,176.0,94.94,94.0,Outstanding
3,7,2025,29,23,80.17,93.49,163.8,176.0,75.61,86.4,Excellent
50,7,2024,17,9,57.44,51.91,110.7,176.0,61.63,54.4,Needs Improvement
12,3,2025,25,13,55.21,57.59,126.2,176.0,54.3,58.0,Needs Improvement
1,7,2025,13,7,58.89,52.07,129.5,176.0,53.57,55.2,Needs Improvement
44,12,2024,14,5,36.41,42.97,105.2,176.0,38.19,47.3,Needs Improvement
5,5,2024,25,15,54.72,77.97,146.6,176.0,62.68,67.3,Good
30,7,2024,27,24,95.86,100.0,164.6,176.0,95.48,88.5,Excellent
30,11,2025,13,5,47.74,35.25,141.9,176.0,51.89,45.3,Needs Improvement
17,2,2025,19,9,52.37,39.07,130.1,176.0,53.91,55.3,Needs Improvement
48,9,2025,24,17,73.28,71.79,167.3,176.0,74.83,77.1,Excellent
47,9,2024,6,2,55.55,51.61,147.2,176.0,51.53,55.7,Needs Improvement
23,9,2025,29,21,68.32,78.3,130.7,176.0,70.77,73.9,Good
15,7,2025,17,11,72.91,66.77,112.1,176.0,65.6,66.8,Good
37,11,2024,6,3,61.23,78.5,156.7,176.0,63.04,72.5,Good
21,4,2024,23,11,47.11,50.11,130.3,176.0,53.97,55.2,Needs Improvement
14,6,2025,6,5,84.14,82.0,156.5,176.0,93.16,82.7,Excellent
2,3,2024,7,2,28.22,32.92,96.2,176.0,23.01,33.1,Low Productivity
11,10,2025,10,5,55.5,56.52,126.7,176.0,57.71,55.2,Needs Improvement
39,5,2025,7,3,50.18,50.6,140.6,176.0,46.65,56.4,Needs Improvement
38,5,2024,14,4,32.46,27.97,118.3,176.0,33.16,37.5,Low Productivity
34,11,2025,28,23,86.68,72.5,139.3,176.0,96.29,80.4,Excellent
38,7,2024,10,5,58.0,52.9,147.3,176.0,62.39,59.1,Needs Improvement
50,7,2024,27,12,39.41,57.67,120.2,176.0,36.15,53.2,Needs Improvement
34,8,2024,20,19,91.66,100.0,166.7,176.0,88.12,94.8,Outstanding
18,9,2024,21,14,60.77,78.51,148.2,176.0,60.86,70.8,Good
30,5,2024,23,14,58.05,56.31,161.2,176.0,58.48,59.8,Needs Improvement
15,7,2025,7,4,63.52,64.4,138.8,176.0,64.19,64.9,Good
27,3,2024,22,14,69.41,51.65,132.7,176.0,61.97,64.2,Good
34,7,2024,11,5,42.72,62.23,152.0,176.0,52.71,63.2,Good
38,5,2024,13,8,69.36,76.83,149.5,176.0,79.85,73.0,Good
33,1,2024,24,16,65.23,59.24,138.8,176.0,67.62,62.8,Good
24,4,2024,16,9,59.7,74.41,132.8,176.0,55.35,67.4,Good
15,1,2025,9,6,72.06,65.32,104.4,176.0,68.92,64.8,Good
30,9,2025,7,5,82.41,67.02,139.2,176.0,77.7,77.3,Excellent
42,2,2024,15,8,54.37,55.12,105.1,176.0,49.21,52.4,Needs Improvement
17,12,2024,29,18,60.66,69.0,91.1,176.0,57.49,65.8,Good
5,10,2025,8,6,78.8,80.14,135.5,176.0,80.91,80.7,Excellent
29,12,2025,9,5,63.26,61.97,112.6,176.0,63.9,63.6,Good
4,1,2024,5,3,64.17,76.08,131.7,176.0,71.79,67.2,Good
10,8,2024,22,18,84.81,90.44,152.6,176.0,77.2,82.3,Excellent
17,3,2025,16,10,60.15,62.06,138.4,176.0,55.74,67.5,Good
10,9,2025,17,10,59.85,56.51,125.8,176.0,49.85,63.6,Good
17,10,2024,13,7,67.2,54.3,107.6,176.0,67.93,62.9,Good
20,8,2025,6,3,59.35,63.7,126.1,176.0,67.35,68.1,Good
24,8,2025,9,5,61.91,52.85,116.6,176.0,59.54,64.1,Good
5,3,2024,17,11,64.04,59.3,153.4,176.0,70.86,69.2,Good
34,5,2024,20,9,49.93,47.99,117.2,176.0,53.4,59.7,Needs Improvement
6,7,2024,20,18,89.66,84.18,135.3,176.0,94.0,84.4,Excellent
2,5,2024,28,19,66.73,71.58,119.9,176.0,69.66,68.9,Good
13,3,2025,7,5,68.8,78.4,141.8,176.0,77.82,71.8,Good
43,10,2024,26,14,59.51,76.18,125.9,176.0,58.51,66.9,Good
43,11,2024,8,2,23.1,21.47,99.1,176.0,26.53,30.3,Low Productivity
48,6,2025,15,9,69.81,62.41,144.9,176.0,79.04,66.0,Good
11,10,2025,27,10,36.33,30.52,96.1,176.0,31.21,37.4,Low Productivity
47,10,2024,18,15,82.89,100.0,163.4,176.0,81.82,87.7,Excellent
23,3,2024,7,3,49.6,65.57,120.2,176.0,52.48,57.6,Needs Improvement
16,11,2024,20,17,87.14,73.84,162.0,176.0,82.84,80.2,Excellent
31,2,2024,26,23,84.44,87.45,141.6,176.0,79.93,81.9,Excellent
11,6,2024,19,9,47.75,51.41,132.6,176.0,57.9,52.0,Needs Improvement
16,11,2024,14,7,55.7,49.87,110.0,176.0,51.64,52.7,Needs Improvement
8,6,2025,13,6,44.42,45.63,144.3,176.0,42.58,52.6,Needs Improvement
4,7,2025,15,13,93.22,96.64,151.2,176.0,94.3,85.5,Excellent
40,1,2025,20,5,33.47,43.64,97.0,176.0,35.61,37.3,Low Productivity
4,7,2025,14,7,54.3,57.42,103.2,176.0,51.57,52.2,Needs Improvement
25,9,2025,21,12,58.41,64.16,128.3,176.0,57.37,64.7,Good
3,6,2024,23,8,29.32,35.51,108.4,176.0,24.32,37.8,Low Productivity
32,12,2024,6,4,75.99,90.18,125.6,176.0,73.22,83.7,Excellent
3,11,2024,28,9,27.93,42.82,96.7,176.0,31.41,44.7,Needs Improvement
27,4,2024,27,19,70.9,68.99,108.9,176.0,75.43,72.8,Good
29,7,2024,6,2,35.44,33.42,91.3,176.0,40.53,35.2,Low Productivity
32,5,2024,10,5,46.22,39.58,119.9,176.0,46.2,52.6,Needs Improvement
50,1,2024,23,20,89.76,79.8,157.8,176.0,88.78,84.7,Excellent
19,4,2024,12,10,87.95,81.06,142.8,176.0,81.41,81.2,Excellent
21,6,2025,7,3,45.16,41.59,127.2,176.0,43.38,49.2,Needs Improvement
5,2,2024,18,14,76.66,87.18,130.2,176.0,77.52,80.6,Excellent
18,10,2025,29,23,87.2,80.03,151.7,176.0,92.64,80.5,Excellent
28,2,2025,20,10,46.8,55.7,120.0,176.0,37.14,55.0,Needs Improvement
42,9,2025,5,3,70.91,59.43,132.3,176.0,69.22,72.1,Good
22,9,2024,25,11,51.63,55.83,116.3,176.0,40.31,50.1,Needs Improvement
21,3,2025,7,4,63.06,72.89,126.2,176.0,55.04,64.5,Good
6,3,2024,26,15,55.14,63.91,105.5,176.0,61.73,58.3,Needs Improvement
1,4,2025,22,12,55.32,64.05,109.5,176.0,48.81,63.6,Good
5,3,2024,13,8,64.52,66.73,110.2,176.0,65.06,66.6,Good
41,4,2025,10,5,46.88,41.98,116.7,176.0,52.01,48.1,Needs Improvement
12,2,2025,27,10,47.1,42.26,120.0,176.0,44.76,43.5,Needs Improvement
26,12,2025,25,6,30.09,21.1,124.2,176.0,23.97,36.0,Low Productivity
46,4,2025,29,19,61.88,67.59,125.8,176.0,62.48,66.9,Good
34,10,2024,5,2,42.7,43.35,117.2,176.0,50.5,51.9,Needs Improvement
49,8,2024,25,6,25.2,38.81,128.7,176.0,30.16,34.8,Low Productivity
14,11,2025,14,8,65.99,69.16,125.0,176.0,64.75,66.8,Good
26,8,2025,10,9,100.0,100.0,149.2,176.0,97.21,99.0,Outstanding
45,10,2025,27,14,54.79,48.34,121.6,176.0,60.57,59.3,Needs Improvement
27,11,2025,16,12,77.91,81.51,136.9,176.0,70.6,75.5,Excellent
9,7,2025,8,6,70.23,76.63,129.9,176.0,74.91,74.0,Good
26,1,2025,17,14,85.09,84.12,125.5,176.0,82.44,80.6,Excellent
47,5,2025,21,9,50.89,30.31,140.5,176.0,43.45,47.2,Needs Improvement
22,9,2025,12,7,52.01,76.67,137.0,176.0,43.18,64.3,Good
47,2,2024,24,14,60.29,59.61,152.2,176.0,68.47,66.9,Good
30,2,2025,7,1,22.32,31.44,116.3,176.0,21.31,32.8,Low Productivity
43,9,2024,16,13,76.89,73.16,147.2,176.0,72.42,79.3,Excellent
48,9,2025,11,6,63.62,66.86,99.1,176.0,63.41,61.5,Good
17,8,2025,16,5,36.59,43.19,92.1,176.0,33.73,45.1,Needs Improvement
26,3,2025,6,4,64.69,74.56,128.9,176.0,62.0,70.8,Good
36,4,2025,28,11,38.71,41.7,97.2,176.0,36.23,45.2,Needs Improvement
1,10,2025,18,10,54.42,74.69,97.5,176.0,54.46,61.0,Good
8,9,2025,26,16,57.32,70.81,117.0,176.0,61.1,63.9,Good
49,1,2024,27,12,43.84,35.61,114.3,176.0,36.19,46.3,Needs Improvement
35,8,2025,9,6,74.17,72.05,160.0,176.0,80.92,75.3,Excellent
15,10,2025,13,8,64.24,71.74,123.6,176.0,59.51,61.9,Good
47,10,2024,25,12,53.9,52.42,131.1,176.0,55.18,55.9,Needs Improvement
22,2,2025,15,13,86.04,93.41,136.4,176.0,85.75,88.5,Excellent
14,12,2025,9,4,46.58,64.03,118.6,176.0,42.54,55.0,Needs Improvement
26,9,2025,7,2,40.14,32.66,106.8,176.0,45.82,44.7,Needs Improvement
28,8,2024,21,17,74.48,82.1,172.1,176.0,70.51,85.2,Excellent
23,2,2025,6,3,61.86,44.25,82.3,176.0,68.96,50.9,Needs Improvement
14,5,2025,28,21,82.81,62.9,130.1,176.0,86.15,76.8,Excellent
24,9,2025,5,3,63.81,60.4,134.0,176.0,60.06,66.8,Good
2,10,2025,11,5,46.14,42.95,125.0,176.0,40.15,54.5,Needs Improvement
45,4,2024,18,15,82.29,82.48,129.6,176.0,87.61,85.2,Excellent
26,11,2025,9,8,94.86,89.16,154.5,176.0,89.15,96.1,Outstanding
14,12,2025,23,10,46.85,37.33,116.9,176.0,46.18,49.4,Needs Improvement
7,8,2024,15,13,87.17,87.57,175.7,176.0,90.66,88.4,Excellent
3,6,2025,27,18,69.18,72.95,138.2,176.0,71.5,71.2,Good
47,1,2024,29,14,52.99,47.41,119.2,176.0,51.97,59.0,Needs Improvement
23,7,2024,6,2,40.33,40.33,102.9,176.0,36.69,45.3,Needs Improvement
46,11,2025,12,4,44.71,50.27,115.9,176.0,48.32,45.1,Needs Improvement
43,9,2024,13,10,79.6,88.87,140.4,176.0,70.19,80.6,Excellent
47,7,2025,7,6,78.21,88.85,141.1,176.0,79.51,81.1,Excellent
45,5,2024,6,3,54.69,61.82,113.1,176.0,48.2,62.9,Good
18,5,2024,11,8,85.26,76.06,140.9,176.0,80.87,79.3,Excellent
38,4,2024,9,2,20.82,21.07,110.0,176.0,22.66,27.5,Low Productivity
35,1,2025,25,11,41.99,44.74,109.9,176.0,38.24,45.9,Needs Improvement
15,2,2025,9,7,90.23,84.09,147.1,176.0,96.01,77.1,Excellent
25,10,2025,24,14,59.89,58.68,118.9,176.0,63.42,62.9,Good
37,8,2025,17,12,67.71,61.68,139.1,176.0,64.22,68.8,Good
28,12,2024,25,12,37.06,55.67,122.0,176.0,35.93,49.3,Needs Improvement
10,5,2025,24,16,70.55,62.86,122.2,176.0,65.03,71.5,Good
39,5,2024,10,6,63.63,78.94,143.3,176.0,66.0,71.1,Good
17,6,2024,24,18,82.05,85.54,118.6,176.0,89.89,71.0,Good
39,10,2024,22,8,34.3,26.48,128.8,176.0,28.33,44.2,Needs Improvement
22,4,2025,29,8,26.54,26.38,107.7,176.0,27.48,31.0,Low Productivity
26,1,2024,6,2,38.66,50.03,118.6,176.0,40.28,48.5,Needs Improvement
44,7,2024,29,23,86.63,85.66,119.5,176.0,80.38,82.0,Excellent
25,11,2024,10,3,32.89,32.31,104.5,176.0,27.85,38.0,Low Productivity
17,6,2024,13,6,45.56,30.5,142.3,176.0,36.52,46.3,Needs Improvement
13,3,2025,29,13,53.14,44.91,115.1,176.0,55.94,47.6,Needs Improvement
20,12,2024,7,5,74.26,77.5,142.6,176.0,72.46,76.8,Excellent
25,5,2025,5,3,61.2,43.85,111.1,176.0,57.57,54.1,Needs Improvement
4,5,2024,5,3,79.43,80.58,119.0,176.0,89.75,79.7,Excellent
10,4,2024,23,6,36.57,23.14,106.5,176.0,27.56,35.0,Low Productivity
3,8,2024,9,3,44.85,45.41,104.2,176.0,51.27,44.2,Needs Improvement
41,7,2024,17,13,89.75,77.87,133.1,176.0,78.98,82.4,Excellent
45,7,2025,23,12,55.22,53.62,125.5,176.0,52.61,52.5,Needs Improvement
18,3,2025,16,8,54.17,59.03,132.5,176.0,45.67,58.7,Needs Improvement
47,9,2024,20,11,53.56,58.91,133.2,176.0,49.46,62.1,Good
36,11,2024,29,17,61.7,81.81,129.6,176.0,58.99,65.5,Good
47,10,2024,29,15,54.18,66.92,135.5,176.0,50.63,60.1,Good
22,10,2025,23,8,40.35,27.03,123.8,176.0,41.6,39.2,Low Productivity
34,10,2024,7,4,72.62,79.89,134.3,176.0,77.01,71.0,Good
47,1,2024,16,12,74.37,71.12,166.6,176.0,73.81,78.8,Excellent
8,3,2024,9,4,45.97,35.29,99.4,176.0,47.59,47.5,Needs Improvement
40,9,2024,6,3,51.15,42.7,100.6,176.0,58.95,57.4,Needs Improvement
49,11,2024,26,17,70.09,64.48,154.6,176.0,66.6,73.6,Good
44,10,2024,11,9,83.85,94.69,138.8,176.0,88.37,85.7,Excellent
19,3,2025,17,9,50.77,59.03,86.1,176.0,63.4,58.3,Needs Improvement
42,1,2024,29,16,52.71,62.42,121.8,176.0,61.78,57.0,Needs Improvement
41,11,2024,19,10,51.25,31.31,144.1,176.0,59.4,52.8,Needs Improvement
37,4,2024,26,15,55.87,56.68,122.2,176.0,59.51,62.6,Good
6,7,2024,7,3,52.75,48.56,99.0,176.0,58.5,51.9,Needs Improvement
26,7,2025,25,15,63.61,51.08,126.6,176.0,61.19,62.4,Good
34,6,2025,24,11,47.32,39.65,116.6,176.0,46.91,47.8,Needs Improvement
45,6,2024,9,8,99.98,97.97,152.9,176.0,98.99,95.3,Outstanding
6,6,2025,28,12,46.47,49.81,104.9,176.0,43.15,49.0,Needs Improvement
37,9,2024,12,11,90.96,85.29,144.0,176.0,91.69,89.7,Excellent
33,1,2025,26,12,53.66,52.16,128.9,176.0,51.04,55.5,Needs Improvement
22,7,2024,5,3,66.08,77.24,127.9,176.0,66.39,74.0,Good
21,6,2025,12,8,72.41,70.02,136.3,176.0,65.51,72.2,Good
6,9,2025,28,18,67.76,60.11,136.0,176.0,65.09,66.9,Good
6,2,2025,22,11,48.99,46.98,111.5,176.0,55.56,50.2,Needs Improvement
48,1,2025,24,18,82.57,79.54,130.2,176.0,83.54,75.4,Excellent
4,5,2024,20,7,42.09,33.58,112.5,176.0,48.76,35.2,Low Productivity
30,1,2024,22,14,59.11,69.66,106.8,176.0,56.08,63.6,Good
11,10,2025,24,10,46.11,35.43,145.3,176.0,44.87,46.7,Needs Improvement
30,3,2024,16,7,48.66,49.89,108.9,176.0,49.73,48.3,Needs Improvement
31,9,2025,17,5,38.92,41.14,101.2,176.0,37.95,40.5,Needs Improvement
24,4,2024,17,10,66.77,65.37,142.1,176.0,59.8,66.6,Good
9,5,2025,14,9,70.58,59.37,131.3,176.0,73.41,69.1,Good
3,8,2025,11,8,77.31,66.48,137.4,176.0,72.39,75.0,Excellent
31,12,2024,29,22,75.43,67.62,121.1,176.0,75.37,77.4,Excellent
40,2,2025,18,6,34.37,39.53,110.0,176.0,23.71,48.3,Needs Improvement
37,5,2025,28,23,76.04,82.38,139.0,176.0,72.79,80.1,Excellent
36,12,2024,20,17,92.02,80.78,179.7,176.0,91.39,86.4,Excellent
24,9,2025,19,15,76.06,84.84,142.2,176.0,78.87,75.9,Excellent
31,7,2024,16,6,42.44,25.21,78.9,176.0,36.27,43.6,Needs Improvement
6,12,2025,13,4,36.73,36.29,125.0,176.0,32.27,41.9,Needs Improvement
2,2,2025,12,9,77.39,69.73,127.9,176.0,86.22,73.3,Good
20,12,2024,22,9,46.24,32.05,115.9,176.0,56.07,43.3,Needs Improvement
28,10,2025,27,10,36.14,35.92,133.1,176.0,38.71,44.4,Needs Improvement
11,3,2025,22,18,84.25,100.0,140.9,176.0,90.65,85.1,Excellent
4,5,2024,17,9,60.7,63.43,123.6,176.0,58.73,65.0,Good
15,11,2025,22,12,52.08,46.91,138.8,176.0,55.34,49.3,Needs Improvement
6,6,2025,19,9,52.29,57.42,139.6,176.0,55.31,56.8,Needs Improvement
49,2,2024,8,7,98.73,81.44,151.5,176.0,94.03,91.6,Outstanding
30,8,2024,21,7,45.91,47.92,139.0,176.0,46.89,47.4,Needs Improvement
38,10,2025,9,4,53.88,48.13,98.1,176.0,52.4,55.0,Needs Improvement
2,3,2025,26,15,58.74,58.66,112.7,176.0,60.58,59.7,Needs Improvement
15,1,2025,20,11,57.83,73.25,118.1,176.0,55.15,60.9,Good
11,7,2025,13,9,72.95,66.82,151.5,176.0,65.68,67.5,Good
8,7,2024,14,6,58.58,64.54,123.3,176.0,58.66,60.5,Good
26,10,2025,28,7,29.57,26.56,91.6,176.0,33.73,33.4,Low Productivity
45,6,2025,22,11,55.46,52.2,105.4,176.0,59.62,52.4,Needs Improvement
44,6,2025,21,11,48.95,47.34,101.1,176.0,40.07,54.4,Needs Improvement
5,12,2025,22,5,35.45,36.51,107.9,176.0,36.36,35.8,Low Productivity
6,7,2024,11,6,54.66,53.08,119.8,176.0,58.11,60.9,Good
26,10,2024,8,2,20.04,48.58,121.9,176.0,20.73,42.6,Needs Improvement
4,11,2024,9,5,46.45,52.81,104.8,176.0,50.78,59.1,Needs Improvement
19,4,2024,27,8,33.73,28.47,112.1,176.0,26.68,38.9,Low Productivity
20,2,2024,20,10,47.88,62.28,122.8,176.0,42.16,58.2,Needs Improvement
33,11,2025,7,4,63.72,62.58,121.6,176.0,66.67,58.8,Needs Improvement
20,3,2024,22,20,83.44,93.22,144.6,176.0,81.7,88.4,Excellent
49,11,2024,27,18,69.76,57.76,136.1,176.0,75.62,67.0,Good
12,7,2025,25,19,80.55,78.61,141.7,176.0,82.08,83.9,Excellent
47,11,2024,18,9,52.4,54.49,107.8,176.0,47.92,55.0,Needs Improvement
1,6,2025,19,12,60.0,77.27,138.5,176.0,55.27,71.6,Good
26,8,2024,21,13,67.67,59.45,148.7,176.0,58.29,71.7,Good
14,9,2025,5,1,33.01,37.71,104.3,176.0,36.45,44.2,Needs Improvement
38,11,2024,29,15,52.76,63.39,131.7,176.0,52.18,59.9,Needs Improvement
37,1,2024,25,13,52.73,55.62,121.8,176.0,57.31,64.0,Good
11,11,2025,21,14,67.52,77.55,171.2,176.0,68.81,74.9,Good
36,7,2024,27,25,100.0,100.0,154.6,176.0,100.0,99.1,Outstanding
13,2,2024,29,21,74.13,74.39,149.8,176.0,78.21,74.2,Good
43,2,2024,15,12,77.29,94.23,164.4,176.0,76.8,89.6,Excellent
3,7,2025,21,16,73.31,82.23,132.9,176.0,71.65,74.8,Good
33,10,2025,18,10,57.56,65.8,137.7,176.0,57.56,66.1,Good
6,5,2025,24,11,44.71,54.33,131.9,176.0,48.92,52.0,Needs Improvement
50,7,2025,23,8,40.31,44.09,114.9,176.0,35.6,41.5,Needs Improvement
10,5,2024,25,16,58.14,73.22,143.6,176.0,62.76,66.2,Good
5,4,2025,11,6,55.32,55.35,115.0,176.0,55.64,59.0,Needs Improvement
23,9,2025,28,22,85.32,75.82,176.4,176.0,83.4,85.6,Excellent
10,4,2024,17,10,58.13,64.68,93.0,176.0,59.04,61.3,Good
44,2,2025,22,6,33.23,19.41,92.2,176.0,39.11,33.5,Low Productivity
2,8,2024,27,21,79.63,84.78,123.8,176.0,85.48,77.7,Excellent
13,3,2024,18,4,23.69,29.81,124.9,176.0,25.65,32.6,Low Productivity
40,9,2024,5,3,76.56,72.57,137.2,176.0,79.69,71.8,Good
2,7,2025,11,5,39.68,49.33,105.0,176.0,39.89,46.1,Needs Improvement
20,12,2024,12,9,86.59,87.86,135.4,176.0,83.66,86.5,Excellent
1,11,2025,22,9,35.68,51.14,93.3,176.0,37.9,43.1,Needs Improvement
37,5,2024,13,5,51.02,52.76,125.7,176.0,48.78,50.7,Needs Improvement
9,4,2025,5,2,61.91,65.96,138.7,176.0,56.78,62.6,Good
17,11,2024,26,9,39.07,37.56,113.9,176.0,36.96,39.0,Low Productivity
9,5,2025,21,14,77.02,68.82,124.4,176.0,68.81,71.8,Good
11,12,2025,23,11,56.85,54.31,143.6,176.0,50.65,57.5,Needs Improvement
15,2,2024,10,4,49.22,56.78,127.8,176.0,59.37,53.9,Needs Improvement
24,2,2025,7,5,78.87,82.45,118.1,176.0,84.5,77.6,Excellent
38,5,2024,28,24,85.0,97.25,146.5,176.0,83.8,89.2,Excellent
35,7,2024,9,4,56.85,36.38,104.8,176.0,59.46,51.1,Needs Improvement
30,9,2024,6,2,41.88,42.19,133.8,176.0,37.13,51.5,Needs Improvement
31,11,2024,24,11,49.4,48.55,111.6,176.0,52.71,49.5,Needs Improvement
49,1,2025,29,18,62.61,49.57,109.6,176.0,63.92,57.6,Needs Improvement
5,3,2025,8,3,44.09,34.0,114.7,176.0,40.56,46.2,Needs Improvement
44,4,2025,14,7,50.09,60.73,149.5,176.0,48.47,61.9,Good
50,11,2024,14,11,87.47,85.11,160.4,176.0,85.5,82.0,Excellent
14,5,2025,28,18,66.89,74.12,126.4,176.0,71.14,65.3,Good
11,12,2025,25,13,54.48,34.94,122.0,176.0,54.07,52.6,Needs Improvement
9,12,2024,15,6,35.32,52.94,130.4,176.0,27.43,54.8,Needs Improvement
34,4,2025,20,11,60.0,68.15,148.5,176.0,57.76,71.2,Good
12,7,2024,21,16,71.68,67.43,119.5,176.0,67.77,68.9,Good
35,12,2025,20,8,40.47,53.91,116.4,176.0,33.08,48.4,Needs Improvement
35,2,2024,11,4,44.73,55.09,107.3,176.0,40.93,49.7,Needs Improvement
1,6,2025,20,8,41.79,30.81,105.9,176.0,31.0,43.5,Needs Improvement
40,7,2025,7,4,63.91,65.29,151.7,176.0,59.25,66.0,Good
22,8,2025,20,9,46.26,51.48,99.6,176.0,47.24,56.0,Needs Improvement
29,4,2024,12,9,78.23,66.59,156.8,176.0,80.5,76.7,Excellent
8,9,2024,16,8,63.7,53.14,90.4,176.0,66.22,56.9,Needs Improvement
11,8,2024,7,4,73.53,80.86,124.8,176.0,78.31,72.5,Good
41,3,2025,21,10,49.63,45.06,122.1,176.0,55.57,52.3,Needs Improvement
37,2,2025,25,17,68.27,83.43,115.4,176.0,63.15,74.0,Good
14,2,2025,22,12,59.51,61.22,159.7,176.0,52.63,68.7,Good
30,12,2025,15,5,37.74,29.22,97.7,176.0,37.95,40.4,Needs Improvement
35,7,2025,8,3,43.85,44.33,103.2,176.0,46.58,44.3,Needs Improvement
21,5,2025,20,12,55.33,52.47,120.9,176.0,51.15,56.4,Needs Improvement
37,4,2025,21,11,53.6,57.18,131.8,176.0,54.92,66.8,Good
5,4,2025,13,3,27.1,26.02,115.7,176.0,36.21,35.6,Low Productivity
19,7,2025,10,6,71.93,58.23,122.7,176.0,65.25,61.8,Good
14,11,2025,28,26,100.0,83.67,160.9,176.0,100.0,95.4,Outstanding
26,3,2025,24,16,70.55,66.69,139.8,176.0,75.74,67.5,Good
4,9,2024,29,12,39.19,44.22,92.4,176.0,38.2,50.2,Needs Improvement
25,9,2024,6,4,77.15,62.8,137.2,176.0,79.22,71.3,Good
45,2,2024,13,10,75.72,92.86,137.9,176.0,80.27,86.1,Excellent
42,6,2025,25,18,71.59,76.47,116.0,176.0,70.08,72.5,Good
25,6,2025,10,6,52.51,53.85,131.7,176.0,47.2,55.6,Needs Improvement
18,9,2025,7,2,39.95,36.43,125.0,176.0,39.45,41.4,Needs Improvement
40,2,2024,24,11,43.29,56.03,120.1,176.0,37.81,51.3,Needs Improvement
8,2,2024,10,8,78.99,91.39,105.8,176.0,76.24,76.8,Excellent
39,8,2024,11,7,66.04,78.95,126.2,176.0,68.25,71.0,Good
40,1,2025,5,4,84.65,99.19,134.4,176.0,85.55,79.4,Excellent
14,8,2025,27,10,37.53,29.26,138.6,176.0,42.52,45.1,Needs Improvement
32,12,2025,5,3,62.71,55.34,123.7,176.0,63.87,55.9,Needs Improvement
38,10,2025,9,4,39.52,34.58,92.4,176.0,35.62,44.2,Needs Improvement
33,10,2024,10,8,91.87,91.9,145.9,176.0,86.88,84.6,Excellent
23,1,2025,17,8,47.48,51.27,131.7,176.0,50.62,56.1,Needs Improvement
15,7,2024,6,1,26.06,35.97,102.2,176.0,27.27,30.9,Low Productivity
33,12,2024,19,12,66.82,52.36,118.9,176.0,65.86,60.4,Good
25,8,2025,19,12,67.22,58.29,124.2,176.0,68.91,58.3,Needs Improvement
17,12,2025,17,16,98.7,88.44,167.3,176.0,95.18,90.3,Outstanding
33,5,2025,29,20,63.26,81.13,138.5,176.0,51.03,77.8,Excellent
47,6,2024,18,5,25.67,35.86,134.6,176.0,30.88,44.3,Needs Improvement
2,1,2025,26,20,81.25,64.34,145.9,176.0,84.5,73.4,Good
14,1,2025,11,5,50.9,44.76,95.9,176.0,50.46,48.2,Needs Improvement
40,10,2025,18,7,48.95,50.34,111.1,176.0,44.45,51.3,Needs Improvement
40,11,2024,28,19,65.98,77.46,126.4,176.0,64.91,71.2,Good
39,1,2025,14,10,73.49,81.32,119.1,176.0,64.84,74.1,Good
6,1,2025,21,11,52.53,56.71,126.2,176.0,53.11,53.7,Needs Improvement
6,3,2024,18,8,59.1,40.36,112.0,176.0,49.42,54.0,Needs Improvement
3,5,2025,12,4,47.71,48.77,114.4,176.0,48.25,47.3,Needs Improvement
7,8,2024,8,6,80.66,71.93,172.7,176.0,77.13,77.3,Excellent
8,7,2024,20,8,49.99,30.67,112.9,176.0,49.25,45.6,Needs Improvement
42,11,2025,28,22,77.81,82.33,159.9,176.0,72.11,81.5,Excellent
15,8,2024,17,13,82.99,74.68,139.7,176.0,90.54,77.0,Excellent
47,3,2024,26,20,72.96,85.65,150.1,176.0,74.76,81.4,Excellent
29,5,2024,29,13,47.83,49.92,118.6,176.0,44.38,51.0,Needs Improvement
33,11,2025,24,13,62.36,70.92,129.8,176.0,61.46,68.4,Good
30,6,2024,22,16,72.29,77.16,137.2,176.0,80.32,72.5,Good
39,1,2025,18,5,33.43,38.85,126.0,176.0,28.68,39.0,Low Productivity
27,9,2025,22,6,25.32,21.32,112.0,176.0,19.76,35.3,Low Productivity
36,8,2025,9,3,37.5,41.68,110.5,176.0,31.73,50.6,Needs Improvement
29,3,2025,13,9,71.64,71.83,152.9,176.0,68.23,82.6,Excellent
38,7,2024,7,6,98.33,90.29,157.3,176.0,100.0,95.3,Outstanding
33,1,2025,12,8,64.34,63.44,153.3,176.0,61.54,69.8,Good
37,4,2025,24,22,87.02,100.0,136.0,176.0,84.93,88.5,Excellent
27,12,2024,26,16,69.24,62.66,162.1,176.0,70.25,68.7,Good
33,12,2024,14,11,67.49,73.48,146.4,176.0,67.33,71.2,Good
4,7,2024,26,12,43.56,52.19,100.3,176.0,48.41,51.6,Needs Improvement
22,6,2024,23,18,78.29,75.48,154.4,176.0,82.39,83.7,Excellent
2,6,2025,25,18,76.24,68.09,159.0,176.0,77.88,76.0,Excellent
10,1,2025,7,3,54.1,79.71,109.8,176.0,52.95,69.3,Good
5,11,2025,15,7,44.5,40.46,113.0,176.0,49.3,57.6,Needs Improvement
10,7,2025,15,8,65.59,74.38,142.8,176.0,61.66,71.4,Good
33,6,2025,21,6,34.55,22.8,111.9,176.0,30.29,33.6,Low Productivity
38,3,2024,20,11,55.05,61.96,119.0,176.0,53.01,57.4,Needs Improvement
13,2,2025,11,8,69.33,77.47,138.9,176.0,75.14,78.7,Excellent
31,8,2025,8,7,93.52,97.88,134.8,176.0,89.33,93.9,Outstanding
47,11,2025,27,13,52.46,40.5,106.4,176.0,49.46,48.8,Needs Improvement
36,8,2025,23,19,80.33,71.63,121.8,176.0,81.2,73.6,Good
45,5,2025,16,4,19.22,35.13,98.0,176.0,18.94,28.8,Low Productivity
24,4,2024,19,17,89.98,77.09,163.2,176.0,88.08,84.7,Excellent
15,11,2025,15,7,51.45,38.27,114.1,176.0,53.79,48.2,Needs Improvement
29,11,2025,9,6,79.64,74.34,156.8,176.0,77.28,81.9,Excellent
8,8,2024,9,3,37.51,27.38,100.5,176.0,42.79,37.3,Low Productivity
5,2,2024,19,10,49.67,43.46,99.9,176.0,50.86,41.4,Needs Improvement
29,12,2024,22,13,63.06,56.1,144.8,176.0,68.14,61.9,Good
47,11,2025,15,9,55.18,43.39,134.2,176.0,51.23,57.4,Needs Improvement
4,5,2025,16,10,60.28,55.85,152.1,176.0,59.54,65.7,Good
12,3,2025,6,3,63.86,75.02,126.4,176.0,54.37,60.6,Good
45,4,2024,24,13,62.26,62.18,147.5,176.0,68.95,62.8,Good
2,3,2024,19,8,53.9,64.1,100.6,176.0,65.37,58.3,Needs Improvement
27,8,2024,24,7,26.3,37.65,102.0,176.0,24.86,36.4,Low Productivity
31,9,2024,8,7,92.17,100.0,161.6,176.0,94.04,92.8,Outstanding
36,9,2024,26,16,74.81,59.26,123.1,176.0,75.37,63.4,Good
36,11,2024,22,7,29.08,31.03,109.4,176.0,22.62,37.9,Low Productivity
26,6,2024,10,7,87.29,82.5,162.1,176.0,93.53,79.6,Excellent
43,7,2025,27,20,81.0,60.97,146.5,176.0,79.63,71.3,Good
27,11,2025,23,17,84.04,82.45,139.8,176.0,73.8,84.0,Excellent
5,1,2024,15,5,37.67,34.91,130.3,176.0,34.09,47.0,Needs Improvement
20,10,2024,28,20,71.63,70.06,146.7,176.0,64.66,72.7,Good
11,10,2025,6,4,64.4,76.93,135.0,176.0,65.01,73.0,Good
10,10,2024,12,8,76.45,60.04,136.8,176.0,77.03,68.4,Good
40,3,2024,15,14,88.54,97.17,151.9,176.0,94.48,90.3,Outstanding
38,4,2025,9,8,89.39,93.79,164.8,176.0,98.54,88.8,Excellent
6,7,2025,22,7,40.57,28.15,119.1,176.0,50.12,35.3,Low Productivity
8,4,2025,27,18,72.37,69.7,154.5,176.0,67.24,73.5,Good
23,3,2025,22,12,62.45,58.12,132.4,176.0,65.55,68.1,Good
47,12,2024,18,7,35.28,50.68,106.6,176.0,39.26,41.1,Needs Improvement
26,11,2025,26,10,35.54,39.05,117.4,176.0,32.92,49.4,Needs Improvement
46,12,2024,14,4,36.94,21.0,96.4,176.0,38.38,26.3,Low Productivity
43,10,2025,7,3,50.52,45.26,122.3,176.0,52.51,54.3,Needs Improvement
12,2,2025,13,5,40.03,42.43,137.3,176.0,37.6,44.5,Needs Improvement
26,9,2024,7,5,85.8,76.26,163.9,176.0,92.21,85.3,Excellent
13,4,2025,15,9,63.41,67.59,146.4,176.0,64.59,66.9,Good
40,11,2025,16,14,100.0,94.43,154.3,176.0,99.14,96.0,Outstanding
18,5,2025,16,10,70.87,68.59,147.7,176.0,64.75,69.5,Good
25,5,2025,7,2,29.4,26.84,97.6,176.0,35.16,37.1,Low Productivity
33,10,2024,25,18,79.03,75.66,117.8,176.0,79.41,73.6,Good
47,5,2025,11,7,72.69,74.92,135.8,176.0,73.08,74.9,Good
40,8,2025,18,12,66.96,69.35,128.0,176.0,62.73,68.1,Good
43,6,2024,28,13,45.16,57.58,146.0,176.0,49.63,57.8,Needs Improvement
12,2,2025,15,11,75.6,76.25,164.8,176.0,69.93,79.5,Excellent
44,4,2025,11,4,37.37,35.33,102.0,176.0,26.33,44.7,Needs Improvement
36,4,2024,29,8,28.9,37.08,114.6,176.0,25.36,41.4,Needs Improvement
48,3,2025,25,6,20.67,16.35,72.5,176.0,22.4,26.2,Low Productivity
4,12,2024,14,6,49.71,40.87,121.4,176.0,51.4,44.6,Needs Improvement
5,11,2025,15,7,42.39,47.01,123.2,176.0,43.1,48.1,Needs Improvement
37,7,2024,19,10,56.43,58.61,107.8,176.0,55.56,59.2,Needs Improvement
8,8,2024,23,13,58.52,70.23,130.5,176.0,59.31,60.4,Good
42,3,2025,20,18,93.04,98.7,139.6,176.0,100.0,89.1,Excellent
49,12,2024,26,22,84.61,92.95,162.4,176.0,85.86,87.2,Excellent
28,5,2025,25,17,69.56,75.49,137.7,176.0,67.44,71.7,Good
31,7,2024,24,7,35.17,41.04,128.8,176.0,34.65,42.3,Needs Improvement
9,12,2025,16,14,89.54,82.19,130.1,176.0,88.5,85.3,Excellent
29,5,2024,22,9,35.83,62.12,102.6,176.0,36.18,46.7,Needs Improvement
14,5,2024,27,10,39.41,46.61,102.9,176.0,34.86,41.8,Needs Improvement
40,12,2024,17,12,77.7,74.3,148.0,176.0,81.7,82.8,Excellent
41,6,2025,9,4,42.48,52.62,123.8,176.0,43.97,57.3,Needs Improvement
22,3,2024,8,5,63.28,57.68,140.9,176.0,59.34,68.5,Good
11,7,2025,18,13,75.47,75.13,132.0,176.0,80.57,77.7,Excellent
23,6,2025,12,4,30.15,38.89,84.8,176.0,20.64,40.7,Needs Improvement
1,1,2025,13,10,86.36,79.43,134.9,176.0,97.13,81.2,Excellent
46,1,2024,29,16,52.95,61.91,145.4,176.0,62.38,59.3,Needs Improvement
37,11,2025,23,14,62.98,62.37,119.9,176.0,71.6,67.6,Good
21,3,2025,7,5,72.68,68.44,145.1,176.0,70.2,81.0,Excellent
26,3,2024,9,3,48.53,29.04,111.7,176.0,49.74,41.4,Needs Improvement
46,7,2025,25,15,53.56,44.95,131.3,176.0,50.45,61.3,Good
36,10,2025,22,8,34.91,44.44,89.9,176.0,37.06,40.0,Needs Improvement
23,10,2024,5,1,44.31,36.51,122.9,176.0,44.4,42.9,Needs Improvement
1,2,2024,12,5,39.02,50.8,114.3,176.0,36.71,47.8,Needs Improvement
40,7,2024,23,14,65.63,90.29,166.8,176.0,63.27,76.2,Excellent
15,10,2025,21,10,52.41,42.08,113.8,176.0,52.82,52.9,Needs Improvement
21,9,2025,21,15,65.97,76.11,153.5,176.0,80.65,73.9,Good
47,11,2025,15,9,59.84,74.73,124.7,176.0,66.37,69.4,Good
9,6,2025,6,3,58.84,53.97,155.1,176.0,59.27,60.8,Good
9,12,2025,10,2,28.59,23.6,112.0,176.0,27.68,33.3,Low Productivity
10,7,2024,26,14,51.16,59.52,104.9,176.0,54.28,52.9,Needs Improvement
26,11,2024,18,8,54.9,66.04,137.7,176.0,51.83,55.1,Needs Improvement
41,7,2025,7,5,87.42,90.1,159.6,176.0,86.28,88.9,Excellent
35,10,2025,16,9,64.67,54.04,121.6,176.0,54.91,61.7,Good
25,7,2025,8,5,76.66,67.29,114.3,176.0,77.11,69.2,Good
26,4,2024,16,9,50.62,54.53,144.7,176.0,51.2,57.8,Needs Improvement
11,6,2024,17,11,67.94,53.95,160.7,176.0,65.22,65.7,Good
38,4,2025,6,5,88.53,87.33,167.7,176.0,90.78,90.6,Outstanding
2,11,2025,6,4,67.78,69.12,148.3,176.0,68.41,69.7,Good
7,1,2024,19,15,80.16,79.49,151.7,176.0,77.5,85.6,Excellent
18,12,2025,27,16,51.34,50.28,145.4,176.0,55.45,61.4,Good
27,10,2024,21,17,84.41,86.54,143.1,176.0,83.52,85.6,Excellent
34,7,2024,11,9,83.47,77.12,120.8,176.0,78.23,83.6,Excellent
27,6,2024,18,17,84.03,92.7,167.1,176.0,75.22,89.5,Excellent
17,7,2025,16,4,29.89,21.83,108.1,176.0,37.06,34.7,Low Productivity
43,11,2025,21,13,58.29,73.43,110.3,176.0,58.92,66.4,Good
44,12,2025,18,8,43.2,39.62,83.2,176.0,43.62,42.1,Needs Improvement
24,4,2025,10,7,75.38,87.42,142.5,176.0,75.16,75.3,Excellent
25,3,2024,23,22,89.44,99.76,156.6,176.0,95.53,88.6,Excellent
7,10,2024,28,17,54.39,66.42,126.9,176.0,55.11,61.2,Good
6,10,2025,10,4,49.73,47.67,126.3,176.0,57.47,55.9,Needs Improvement
24,12,2024,22,13,57.99,54.19,117.6,176.0,58.72,57.4,Needs Improvement
33,2,2025,28,18,63.86,69.07,143.0,176.0,50.49,72.1,Good
49,7,2025,9,7,80.98,77.17,154.9,176.0,87.31,78.9,Excellent
29,5,2025,28,12,35.22,46.55,75.3,176.0,36.79,42.7,Needs Improvement
43,6,2024,28,25,88.04,94.91,151.0,176.0,85.5,91.5,Outstanding
22,4,2025,10,8,86.83,100.0,152.9,176.0,85.55,93.3,Outstanding
26,3,2024,6,3,63.95,58.9,135.3,176.0,62.41,60.7,Good
28,9,2024,12,7,59.6,71.86,139.6,176.0,53.39,66.2,Good
50,7,2024,19,9,54.94,56.28,94.5,176.0,59.33,47.6,Needs Improvement
21,10,2025,19,12,63.33,61.54,132.1,176.0,61.1,63.9,Good
49,9,2025,15,6,39.24,50.35,112.0,176.0,34.9,58.8,Needs Improvement
7,2,2025,26,19,71.42,73.6,155.8,176.0,92.92,75.8,Excellent
17,12,2025,26,11,50.13,42.5,98.7,176.0,44.37,43.5,Needs Improvement
20,12,2025,28,17,65.75,53.15,129.5,176.0,65.31,62.3,Good
41,4,2024,5,4,78.41,86.23,157.9,176.0,66.9,85.7,Excellent
49,3,2025,22,5,27.39,21.12,111.9,176.0,33.66,30.6,Low Productivity
20,10,2025,16,9,52.43,62.65,123.8,176.0,51.02,57.0,Needs Improvement
22,3,2025,16,5,36.06,36.98,127.2,176.0,40.14,51.4,Needs Improvement
28,2,2025,29,16,54.04,53.91,114.0,176.0,49.32,58.0,Needs Improvement
40,3,2025,15,12,85.13,73.56,155.4,176.0,77.05,85.8,Excellent
49,4,2024,12,10,86.53,94.62,160.8,176.0,82.8,87.5,Excellent
7,1,2025,11,7,69.08,69.32,117.4,176.0,75.81,75.2,Excellent
1,2,2024,27,15,56.14,71.72,146.8,176.0,59.03,69.2,Good
32,2,2024,25,16,66.87,60.47,108.9,176.0,58.79,65.9,Good
13,7,2024,6,4,66.97,79.84,139.8,176.0,54.87,69.3,Good
30,10,2024,15,11,75.28,77.35,134.3,176.0,73.68,74.3,Good
23,4,2024,26,14,52.51,61.16,138.6,176.0,57.97,61.9,Good
19,6,2025,14,8,67.36,50.06,133.3,176.0,63.57,61.3,Good
32,8,2024,7,3,41.07,32.89,141.5,176.0,46.46,48.8,Needs Improvement
30,6,2024,24,14,60.18,60.74,144.0,176.0,60.81,62.7,Good
29,10,2025,14,12,99.67,79.45,152.0,176.0,100.0,89.0,Excellent
49,6,2024,22,13,56.38,71.25,146.6,176.0,52.99,65.0,Good
45,7,2024,18,8,49.63,51.58,117.4,176.0,49.33,54.5,Needs Improvement
29,3,2024,22,8,39.9,33.53,94.6,176.0,36.63,37.6,Low Productivity
30,4,2024,28,11,39.91,32.6,105.1,176.0,44.84,41.0,Needs Improvement
16,1,2024,12,3,29.96,27.45,102.1,176.0,32.92,34.2,Low Productivity
40,3,2025,14,3,18.22,18.07,51.5,176.0,9.72,19.2,Low Productivity
19,6,2025,26,13,53.27,55.44,141.9,176.0,56.73,56.7,Needs Improvement
18,8,2025,17,6,29.4,37.97,109.4,176.0,21.95,42.1,Needs Improvement
1,5,2024,25,10,51.8,52.16,128.7,176.0,47.24,55.1,Needs Improvement
14,10,2025,12,9,83.78,80.28,142.6,176.0,87.51,80.1,Excellent
47,1,2024,8,4,51.77,46.48,99.6,176.0,45.5,53.5,Needs Improvement
50,1,2024,8,4,63.28,54.62,127.6,176.0,61.42,61.4,Good
2,10,2024,9,2,30.09,24.64,103.4,176.0,33.88,32.9,Low Productivity
28,12,2025,5,4,93.12,86.16,144.2,176.0,95.2,83.9,Excellent
49,10,2025,21,15,70.14,59.19,133.0,176.0,71.93,68.1,Good
50,12,2024,6,2,47.53,50.96,115.1,176.0,51.49,50.2,Needs Improvement
30,9,2025,12,6,50.85,64.09,86.2,176.0,57.38,52.9,Needs Improvement
38,3,2025,11,8,80.13,68.3,146.4,176.0,73.93,81.1,Excellent
4,5,2024,19,10,54.97,46.47,133.2,176.0,56.63,57.9,Needs Improvement
1,6,2025,29,11,39.77,44.34,119.4,176.0,44.59,46.3,Needs Improvement
8,2,2024,9,6,65.34,66.25,134.0,176.0,69.18,72.0,Good
29,8,2024,6,4,83.62,93.51,176.1,176.0,82.82,95.3,Outstanding
39,6,2024,11,7,57.92,57.91,138.6,176.0,56.83,63.2,Good
3,6,2024,12,10,90.39,72.97,145.8,176.0,94.51,81.5,Excellent
32,8,2024,11,8,86.98,76.23,123.2,176.0,88.05,78.5,Excellent
10,3,2024,11,7,64.79,66.99,116.9,176.0,70.26,64.7,Good
10,9,2024,18,10,60.11,62.02,134.7,176.0,60.65,61.3,Good
19,5,2025,25,6,22.07,22.45,111.0,176.0,20.2,35.7,Low Productivity
46,3,2024,22,18,79.06,88.88,149.3,176.0,70.25,88.4,Excellent
34,6,2024,10,5,52.83,60.17,124.6,176.0,51.68,61.6,Good
33,7,2024,8,4,67.07,62.33,122.7,176.0,60.92,65.0,Good
23,8,2024,14,8,69.18,62.02,135.8,176.0,60.03,62.3,Good
28,4,2025,22,19,81.96,87.19,138.1,176.0,77.64,82.0,Excellent
32,8,2024,16,6,42.87,29.69,112.4,176.0,46.38,47.0,Needs Improvement
50,9,2025,20,10,50.35,58.06,125.3,176.0,49.14,56.5,Needs Improvement
7,9,2024,29,22,73.08,82.33,149.8,176.0,73.97,76.6,Excellent
29,7,2024,11,5,35.38,48.42,104.2,176.0,38.75,46.4,Needs Improvement
8,8,2025,10,4,51.71,39.44,97.8,176.0,51.53,47.4,Needs Improvement
1,12,2024,9,6,77.56,76.79,138.4,176.0,74.12,75.0,Excellent
3,10,2024,7,4,65.31,70.46,138.0,176.0,63.08,69.8,Good
24,1,2025,16,12,76.98,81.24,140.4,176.0,80.85,71.6,Good
23,11,2024,19,8,41.25,42.55,73.9,176.0,41.12,42.2,Needs Improvement
8,9,2025,14,8,67.94,51.79,135.6,176.0,55.22,67.1,Good
47,9,2024,24,13,53.55,53.82,162.7,176.0,51.78,61.8,Good
37,3,2024,23,10,43.87,37.26,129.7,176.0,46.53,54.7,Needs Improvement
3,12,2024,20,7,33.71,33.32,80.3,176.0,34.63,35.0,Low Productivity
33,5,2025,15,13,92.51,90.18,145.5,176.0,87.41,87.4,Excellent
28,6,2025,12,9,94.23,91.1,143.6,176.0,90.5,85.0,Excellent
47,4,2024,7,2,34.75,41.5,104.1,176.0,25.01,39.7,Low Productivity
8,3,2024,27,11,42.66,45.81,96.7,176.0,45.41,48.0,Needs Improvement
34,12,2024,11,5,48.94,59.05,105.9,176.0,52.05,52.9,Needs Improvement
35,7,2025,27,19,72.85,71.93,151.2,176.0,72.18,80.6,Excellent
32,10,2024,11,6,55.43,58.54,136.7,176.0,53.68,61.9,Good
24,2,2024,18,16,89.17,88.1,151.2,176.0,83.77,86.3,Excellent
14,12,2024,6,2,48.69,39.72,132.8,176.0,50.35,48.7,Needs Improvement
32,12,2025,14,10,69.54,82.75,132.8,176.0,61.33,82.1,Excellent
46,7,2025,23,14,61.9,52.09,126.6,176.0,65.78,63.1,Good
43,4,2025,13,6,39.72,42.27,114.3,176.0,42.62,52.8,Needs Improvement
16,3,2024,20,16,79.2,83.09,122.1,176.0,85.05,79.3,Excellent
4,9,2025,23,14,57.0,54.95,125.6,176.0,57.25,61.1,Good
37,8,2025,22,8,43.83,40.84,137.1,176.0,41.23,52.8,Needs Improvement
21,10,2024,13,10,77.63,82.48,168.0,176.0,79.79,84.8,Excellent
14,8,2024,20,12,58.79,56.13,130.2,176.0,62.69,62.9,Good
31,2,2024,17,15,80.41,91.59,149.6,176.0,74.62,86.7,Excellent
48,12,2024,14,6,49.27,44.49,141.9,176.0,48.92,55.2,Needs Improvement
18,4,2024,29,18,58.51,54.82,127.5,176.0,59.84,62.0,Good
7,7,2024,24,10,42.03,48.82,107.8,176.0,44.44,46.7,Needs Improvement
10,4,2024,18,11,69.35,49.21,146.7,176.0,67.58,72.2,Good
7,7,2025,16,5,35.97,47.09,80.0,176.0,39.13,38.4,Low Productivity
33,2,2024,29,12,36.65,46.48,112.1,176.0,31.85,44.1,Needs Improvement
23,10,2025,23,7,37.28,42.81,106.7,176.0,47.37,45.8,Needs Improvement
21,2,2024,11,7,59.41,70.45,139.9,176.0,56.29,70.2,Good
19,6,2025,27,14,54.81,53.31,114.0,176.0,56.85,54.0,Needs Improvement
48,2,2024,19,12,60.48,58.23,129.0,176.0,57.72,63.6,Good
19,2,2025,20,12,56.42,61.29,130.6,176.0,56.91,65.0,Good
36,9,2025,12,8,70.59,77.11,132.5,176.0,65.2,73.7,Good
29,1,2024,14,4,27.23,24.27,101.9,176.0,32.61,36.2,Low Productivity
18,2,2024,8,2,38.09,29.25,114.9,176.0,34.0,37.8,Low Productivity
2,4,2024,23,13,56.53,45.13,136.4,176.0,56.94,61.4,Good
1,3,2024,23,16,66.49,65.99,145.7,176.0,66.17,70.8,Good
47,5,2025,25,10,38.42,36.05,89.7,176.0,34.92,40.0,Low Productivity
5,8,2024,19,11,59.76,73.29,134.3,176.0,47.03,69.6,Good
20,12,2024,18,10,59.02,47.76,114.2,176.0,64.31,58.0,Needs Improvement
11,6,2024,5,2,47.96,49.6,147.0,176.0,48.68,57.0,Needs Improvement
42,1,2025,20,11,60.37,68.57,124.5,176.0,51.67,66.6,Good
2,1,2025,14,7,47.56,63.96,121.8,176.0,37.99,57.2,Needs Improvement
3,4,2025,23,15,73.08,80.47,157.4,176.0,71.47,78.1,Excellent
23,10,2025,26,12,42.5,60.43,135.8,176.0,42.08,62.5,Good
12,1,2024,7,5,78.78,77.22,137.9,176.0,77.7,77.1,Excellent
20,1,2025,9,7,88.92,84.11,126.6,176.0,96.14,77.7,Excellent
5,1,2024,13,6,42.89,48.44,91.0,176.0,34.54,49.9,Needs Improvement
37,10,2024,22,8,34.57,42.62,95.3,176.0,35.63,37.0,Low Productivity
38,4,2024,15,8,50.56,59.05,129.4,176.0,53.79,55.8,Needs Improvement
30,7,2024,20,13,66.33,81.76,132.2,176.0,69.45,72.6,Good
9,3,2025,6,2,48.77,44.78,99.9,176.0,53.24,47.1,Needs Improvement
34,7,2024,16,8,49.45,47.39,118.1,176.0,50.03,55.0,Needs Improvement
44,4,2025,26,13,51.06,58.3,148.6,176.0,52.29,67.0,Good
35,9,2024,10,7,81.5,82.47,158.1,176.0,79.85,82.0,Excellent
22,2,2025,15,10,71.75,62.05,161.2,176.0,64.2,70.5,Good
44,5,2024,12,4,31.36,26.96,96.7,176.0,33.01,33.9,Low Productivity
24,8,2024,16,8,50.11,58.77,133.0,176.0,48.1,56.4,Needs Improvement
17,12,2024,6,4,75.8,66.96,147.5,176.0,72.08,70.0,Good
10,4,2024,13,6,57.76,46.54,141.9,176.0,59.62,58.4,Needs Improvement
30,3,2025,19,15,89.97,77.78,145.3,176.0,92.28,83.4,Excellent
46,12,2024,6,4,88.47,83.53,133.5,176.0,84.94,83.7,Excellent
23,5,2024,5,4,81.03,93.2,134.0,176.0,82.28,86.7,Excellent
32,3,2024,14,11,89.34,85.6,144.0,176.0,88.94,85.6,Excellent
17,9,2024,6,4,75.75,75.75,144.7,176.0,76.7,74.2,Good
50,5,2025,16,11,64.98,83.94,142.7,176.0,71.25,75.0,Good
17,3,2025,27,9,36.11,42.5,87.5,176.0,38.32,39.5,Low Productivity
14,4,2024,12,11,100.0,100.0,175.5,176.0,100.0,100.0,Outstanding
9,6,2024,9,2,33.17,37.53,83.6,176.0,28.75,40.4,Needs Improvement
40,7,2024,26,11,43.72,39.97,134.6,176.0,40.0,48.2,Needs Improvement
2,8,2024,5,3,79.43,70.62,137.5,176.0,81.84,73.5,Good
45,3,2024,19,13,73.85,68.49,164.6,176.0,65.92,76.0,Excellent
25,11,2025,10,5,59.11,66.3,100.5,176.0,57.33,59.3,Needs Improvement
39,6,2025,16,8,49.54,41.58,138.4,176.0,45.72,53.6,Needs Improvement
9,1,2025,12,4,36.21,29.4,96.5,176.0,35.5,43.2,Needs Improvement
22,2,2025,17,11,69.45,54.38,118.6,176.0,68.37,65.9,Good
43,4,2024,23,19,83.66,74.22,172.3,176.0,84.31,82.9,Excellent
46,9,2024,5,2,52.43,46.1,133.2,176.0,54.76,53.5,Needs Improvement
4,5,2025,15,7,56.08,51.84,98.5,176.0,60.91,48.9,Needs Improvement
26,11,2025,24,19,78.32,70.35,146.7,176.0,83.53,79.5,Excellent
29,6,2025,5,3,73.29,79.62,160.5,176.0,72.1,79.7,Excellent
45,2,2024,12,7,67.19,66.6,141.4,176.0,64.24,71.0,Good
34,1,2025,9,6,86.31,56.83,139.0,176.0,82.37,72.8,Good
23,2,2024,21,16,71.41,76.72,158.8,176.0,69.8,75.2,Excellent
37,10,2025,12,8,78.69,74.37,144.1,176.0,73.76,76.5,Excellent
11,8,2024,29,22,75.48,92.31,116.7,176.0,77.83,81.8,Excellent
6,3,2024,14,5,40.0,42.24,113.7,176.0,45.11,45.8,Needs Improvement
18,12,2025,6,4,62.96,55.37,142.9,176.0,55.34,71.9,Good
21,7,2024,13,6,61.42,53.85,125.0,176.0,61.47,58.9,Needs Improvement
42,3,2025,28,26,96.39,96.67,150.2,176.0,100.0,99.8,Outstanding
36,3,2025,27,17,66.3,67.84,137.3,176.0,58.89,74.0,Good
41,2,2024,7,5,73.77,100.0,147.8,176.0,81.15,82.3,Excellent
38,7,2024,22,19,85.54,84.45,121.1,176.0,81.24,81.1,Excellent
34,3,2025,11,6,64.49,57.2,110.0,176.0,61.45,60.2,Good
17,11,2024,19,4,24.81,29.37,105.1,176.0,27.9,28.1,Low Productivity
37,8,2024,25,18,76.94,89.31,150.9,176.0,79.47,82.4,Excellent
25,2,2024,26,19,85.48,80.33,128.3,176.0,84.95,79.3,Excellent
38,1,2024,24,10,44.52,39.25,124.7,176.0,40.7,48.2,Needs Improvement
12,3,2025,22,15,70.0,80.13,145.3,176.0,63.78,72.2,Good
23,12,2025,29,25,82.96,100.0,146.1,176.0,82.58,93.1,Outstanding
42,7,2024,7,3,47.76,45.43,127.7,176.0,46.7,47.8,Needs Improvement
22,12,2024,27,7,27.48,21.62,109.8,176.0,23.52,29.8,Low Productivity
21,8,2024,18,12,66.18,68.56,147.6,176.0,64.91,73.7,Good
27,5,2025,28,12,46.0,47.82,130.2,176.0,47.26,52.8,Needs Improvement
31,8,2024,6,5,95.66,100.0,138.8,176.0,100.0,90.6,Outstanding
6,1,2025,18,12,69.56,63.63,122.9,176.0,70.54,67.5,Good
27,8,2025,26,18,70.74,73.3,158.2,176.0,69.86,75.4,Excellent
40,7,2024,15,6,44.26,55.71,127.8,176.0,40.14,56.0,Needs Improvement
34,9,2024,20,15,87.92,77.03,149.8,176.0,84.2,76.5,Excellent
12,8,2025,12,5,42.68,43.13,129.0,176.0,43.77,51.1,Needs Improvement
45,11,2024,11,4,42.34,47.09,131.1,176.0,43.69,53.3,Needs Improvement
7,5,2024,15,12,75.94,82.23,149.9,176.0,74.83,79.5,Excellent
10,7,2025,7,2,40.56,45.17,108.3,176.0,45.08,46.4,Needs Improvement
45,3,2024,21,14,62.83,65.83,142.3,176.0,63.13,68.6,Good
17,11,2025,18,13,68.68,71.17,137.5,176.0,66.25,67.6,Good
26,7,2024,10,4,38.65,41.36,138.9,176.0,35.38,50.3,Needs Improvement
21,4,2025,12,4,28.93,31.1,131.6,176.0,25.32,42.1,Needs Improvement
28,7,2024,26,6,25.57,32.91,113.3,176.0,27.97,39.4,Low Productivity
46,2,2025,9,4,48.06,46.03,96.5,176.0,44.95,47.6,Needs Improvement
2,4,2024,12,11,88.79,100.0,137.7,176.0,89.33,92.1,Outstanding
43,8,2024,6,2,31.46,23.6,93.6,176.0,27.22,41.8,Needs Improvement
1,2,2024,19,5,28.75,24.04,105.4,176.0,27.92,31.7,Low Productivity
36,3,2025,16,14,94.5,86.23,167.6,176.0,94.23,88.2,Excellent
26,2,2025,21,13,66.37,60.97,125.8,176.0,78.19,65.2,Good
29,10,2025,5,3,70.71,67.56,131.0,176.0,64.17,71.9,Good
21,8,2024,19,5,25.16,15.33,104.1,176.0,29.2,30.3,Low Productivity
11,12,2025,18,10,55.3,66.23,116.9,176.0,51.45,60.9,Good
40,2,2025,24,22,88.13,87.08,157.4,176.0,94.88,86.9,Excellent
11,8,2025,26,13,46.69,55.08,116.9,176.0,43.2,56.9,Needs Improvement
36,2,2025,20,6,32.43,25.55,98.1,176.0,37.61,36.2,Low Productivity
49,12,2025,13,8,63.62,51.79,133.6,176.0,64.73,70.3,Good
39,9,2024,5,2,50.12,51.47,132.9,176.0,43.46,52.2,Needs Improvement
40,3,2024,21,14,67.1,76.39,114.3,176.0,68.09,76.5,Excellent
35,7,2024,17,13,80.48,76.25,147.5,176.0,83.05,81.2,Excellent
34,1,2024,25,13,51.41,47.81,93.3,176.0,54.35,52.5,Needs Improvement
47,7,2024,25,21,76.88,95.65,144.7,176.0,75.7,82.4,Excellent
24,6,2025,9,7,90.39,87.23,160.6,176.0,100.0,86.8,Excellent
22,9,2025,14,5,37.95,33.28,128.3,176.0,47.68,48.7,Needs Improvement
5,1,2025,10,5,47.11,43.8,116.7,176.0,48.8,45.2,Needs Improvement
33,11,2025,28,10,42.07,33.76,103.4,176.0,35.49,37.0,Low Productivity
36,3,2024,23,16,68.32,66.42,132.2,176.0,63.32,64.8,Good
47,6,2024,29,19,68.95,72.79,116.8,176.0,67.6,72.1,Good
20,12,2024,17,11,68.41,66.18,135.5,176.0,67.93,70.9,Good
19,9,2024,5,2,41.9,46.29,102.9,176.0,37.77,45.2,Needs Improvement
35,12,2025,24,12,57.4,45.43,130.5,176.0,54.69,54.7,Needs Improvement
43,11,2024,29,11,31.28,51.49,101.6,176.0,21.34,45.2,Needs Improvement
17,12,2024,19,11,58.46,68.26,123.6,176.0,47.65,67.0,Good
45,5,2024,18,6,33.45,42.94,116.1,176.0,33.52,40.1,Needs Improvement
43,10,2024,12,5,44.08,47.48,127.9,176.0,52.04,52.4,Needs Improvement
34,12,2025,14,6,49.72,46.8,123.7,176.0,41.96,49.9,Needs Improvement
9,8,2025,13,11,87.88,65.77,153.1,176.0,86.81,81.3,Excellent
26,5,2025,21,8,33.61,42.27,96.2,176.0,33.51,39.8,Low Productivity
2,1,2025,13,7,52.6,74.3,126.7,176.0,54.47,64.7,Good
9,2,2025,7,5,82.69,67.27,134.9,176.0,80.14,71.5,Good
9,1,2025,15,11,71.32,65.82,132.7,176.0,65.82,71.9,Good
40,6,2025,16,10,59.7,62.54,132.1,176.0,62.93,69.6,Good
17,7,2025,14,9,70.75,58.08,119.0,176.0,60.98,68.1,Good
1,9,2025,29,17,52.68,54.17,128.7,176.0,54.59,64.4,Good
25,9,2025,21,7,42.73,37.92,104.1,176.0,38.71,43.3,Needs Improvement
43,10,2024,21,11,50.53,61.11,116.8,176.0,51.75,61.1,Good
40,5,2025,29,10,38.66,38.27,92.1,176.0,44.46,35.0,Low Productivity
42,12,2025,15,12,82.16,75.39,130.5,176.0,78.73,74.6,Good
25,12,2024,26,14,46.77,49.29,143.8,176.0,44.93,54.1,Needs Improvement
39,4,2025,8,2,32.46,34.14,107.0,176.0,30.36,35.4,Low Productivity
35,9,2024,11,4,41.65,42.17,136.7,176.0,53.05,50.5,Needs Improvement
3,2,2024,25,21,75.81,85.89,178.0,176.0,75.17,83.0,Excellent
50,11,2024,18,11,56.42,55.05,148.2,176.0,55.55,59.6,Needs Improvement
37,4,2024,11,8,81.79,81.8,121.3,176.0,81.36,76.7,Excellent
44,10,2024,28,10,39.9,52.42,131.5,176.0,46.67,49.7,Needs Improvement
44,11,2025,12,6,54.65,61.32,120.0,176.0,51.46,60.8,Good
30,11,2024,5,1,39.65,50.87,103.8,176.0,43.61,43.9,Needs Improvement
38,11,2024,28,14,54.89,47.58,115.7,176.0,51.1,53.9,Needs Improvement
34,4,2025,26,19,76.14,83.66,135.1,176.0,72.0,80.5,Excellent
12,4,2024,8,5,71.21,75.93,138.5,176.0,73.06,69.2,Good
19,11,2025,16,5,31.9,29.96,141.6,176.0,37.98,42.2,Needs Improvement
37,8,2024,28,16,58.16,51.63,102.0,176.0,56.24,58.2,Needs Improvement
44,5,2025,7,3,48.41,36.59,144.6,176.0,46.45,49.6,Needs Improvement
49,6,2024,17,9,51.64,54.73,147.0,176.0,54.81,62.7,Good
17,4,2025,24,13,65.0,45.83,123.6,176.0,64.95,56.2,Needs Improvement
10,12,2025,10,3,40.76,52.82,104.0,176.0,44.16,51.6,Needs Improvement
49,9,2024,15,13,81.52,77.0,129.6,176.0,73.39,79.9,Excellent
47,1,2024,27,13,48.77,53.11,106.2,176.0,43.57,51.2,Needs Improvement
12,12,2025,8,7,83.2,72.03,143.0,176.0,82.9,78.1,Excellent
16,5,2025,24,15,63.23,79.16,128.7,176.0,65.49,65.7,Good
24,10,2024,20,16,78.53,90.42,143.9,176.0,77.88,80.4,Excellent
19,1,2024,11,3,26.41,17.98,116.0,176.0,26.81,30.3,Low Productivity
8,8,2025,26,7,20.62,31.96,113.4,176.0,23.65,31.8,Low Productivity
31,5,2025,15,10,62.98,65.0,137.1,176.0,56.74,68.0,Good
21,8,2024,28,20,70.77,72.92,136.7,176.0,73.81,74.8,Good
17,4,2024,5,4,93.66,100.0,173.6,176.0,98.92,97.7,Outstanding
23,12,2024,11,6,55.23,55.92,142.5,176.0,53.51,53.4,Needs Improvement
37,6,2024,16,8,54.07,53.53,129.8,176.0,49.76,54.7,Needs Improvement
16,8,2025,11,5,49.03,39.48,117.1,176.0,53.48,55.3,Needs Improvement
6,10,2025,27,9,39.68,35.73,124.6,176.0,48.27,39.3,Low Productivity
8,9,2025,11,8,81.5,59.68,153.4,176.0,82.24,74.9,Good
25,7,2025,14,8,58.35,70.08,124.0,176.0,53.94,60.9,Good
18,4,2025,20,8,51.82,32.22,86.4,176.0,51.79,47.5,Needs Improvement
25,9,2025,12,5,48.31,51.37,120.6,176.0,44.14,51.0,Needs Improvement
12,5,2024,13,7,53.57,66.71,117.7,176.0,57.16,63.9,Good
15,7,2024,13,12,100.0,100.0,169.1,176.0,99.75,96.3,Outstanding
26,6,2024,6,4,81.51,87.63,142.0,176.0,76.87,72.8,Good
41,12,2025,17,5,40.03,46.21,83.0,176.0,41.03,42.7,Needs Improvement
45,12,2024,17,11,65.7,69.39,140.0,176.0,62.43,65.0,Good
26,4,2025,27,18,62.31,77.41,160.5,176.0,55.74,71.3,Good
47,7,2025,27,17,61.6,65.56,128.4,176.0,65.4,71.1,Good
32,4,2025,8,6,88.68,79.18,140.9,176.0,90.17,89.6,Excellent
10,1,2025,29,21,68.08,69.0,134.0,176.0,65.74,72.0,Good
16,11,2025,28,8,33.39,43.22,104.5,176.0,39.75,36.9,Low Productivity
7,2,2025,16,11,69.7,63.74,159.2,176.0,65.96,72.6,Good
17,11,2024,21,9,47.84,34.56,130.3,176.0,45.67,44.2,Needs Improvement
23,10,2025,6,3,43.93,53.5,111.6,176.0,45.81,51.2,Needs Improvement
26,11,2025,17,7,45.67,32.58,116.4,176.0,50.05,51.7,Needs Improvement
21,1,2025,22,10,43.64,49.07,118.4,176.0,45.6,51.9,Needs Improvement
22,1,2024,19,8,38.63,55.91,120.4,176.0,35.81,46.1,Needs Improvement
7,2,2024,12,5,46.77,46.4,120.9,176.0,45.58,51.0,Needs Improvement
14,4,2024,19,18,89.16,95.01,154.4,176.0,85.94,87.2,Excellent
15,12,2025,5,1,29.62,21.45,83.9,176.0,27.95,25.0,Low Productivity
7,9,2024,24,18,75.57,63.27,138.5,176.0,74.29,75.3,Excellent
9,5,2024,14,4,30.83,42.51,103.0,176.0,32.91,38.7,Low Productivity
48,4,2025,16,12,71.57,75.48,126.7,176.0,68.12,78.6,Excellent
8,8,2024,9,4,49.75,53.08,130.3,176.0,54.52,51.7,Needs Improvement
50,3,2024,13,6,53.66,36.25,123.3,176.0,53.54,56.3,Needs Improvement
23,10,2025,27,7,26.49,32.15,85.5,176.0,22.22,37.2,Low Productivity
29,7,2024,12,4,34.73,51.78,138.4,176.0,36.67,48.6,Needs Improvement
18,9,2024,20,4,22.2,34.42,105.2,176.0,21.6,32.4,Low Productivity
31,11,2024,18,10,60.87,63.35,140.7,176.0,58.57,63.5,Good
30,4,2024,29,19,76.04,60.49,150.8,176.0,83.12,69.9,Good
39,8,2024,17,14,89.77,88.1,143.2,176.0,88.21,81.9,Excellent
35,2,2024,27,14,54.81,56.69,132.5,176.0,52.54,61.5,Good
18,12,2025,25,15,57.2,58.64,101.1,176.0,62.0,61.3,Good
42,5,2024,17,9,54.47,53.21,139.7,176.0,56.99,59.2,Needs Improvement
39,9,2025,9,4,45.81,67.2,119.3,176.0,49.59,57.3,Needs Improvement
17,11,2025,20,15,72.14,68.4,148.8,176.0,69.32,73.7,Good
14,9,2024,15,8,46.77,52.69,123.8,176.0,47.87,52.6,Needs Improvement
31,4,2025,26,21,83.81,88.36,174.4,176.0,76.88,84.1,Excellent
24,2,2025,9,4,64.37,71.48,141.6,176.0,54.77,64.0,Good
35,5,2025,17,9,54.83,51.44,83.9,176.0,51.87,51.0,Needs Improvement
44,12,2025,15,11,80.72,62.69,150.0,176.0,80.95,79.3,Excellent
45,2,2025,29,14,53.95,32.06,115.1,176.0,65.95,51.1,Needs Improvement
34,2,2025,23,17,73.46,95.05,148.8,176.0,79.71,86.2,Excellent
3,7,2025,7,4,57.28,43.11,135.4,176.0,51.82,60.1,Good
37,1,2025,19,12,58.34,65.93,121.1,176.0,62.72,60.0,Good
43,12,2024,11,7,67.84,54.75,131.7,176.0,61.11,61.2,Good
40,9,2025,11,7,66.11,59.52,117.4,176.0,73.78,61.3,Good
26,5,2025,10,3,29.15,28.25,129.0,176.0,26.63,38.2,Low Productivity
23,7,2024,7,2,46.45,25.06,117.5,176.0,43.57,40.8,Needs Improvement
44,5,2025,17,6,35.78,49.42,118.2,176.0,40.88,48.9,Needs Improvement
39,12,2025,11,5,68.4,57.61,127.9,176.0,65.6,65.1,Good
15,8,2024,9,7,85.98,80.55,131.3,176.0,94.73,78.0,Excellent
49,8,2024,27,22,84.95,80.46,157.5,176.0,82.1,79.9,Excellent
4,1,2025,22,19,97.94,96.96,177.4,176.0,100.0,99.8,Outstanding
29,5,2024,26,24,83.74,95.88,132.8,176.0,84.32,89.8,Excellent
22,5,2024,12,4,34.1,52.21,109.6,176.0,37.49,43.2,Needs Improvement
25,4,2024,21,14,66.84,65.43,146.6,176.0,61.8,75.3,Excellent
13,3,2025,24,21,89.79,94.1,141.3,176.0,80.62,93.0,Outstanding
18,3,2024,5,1,36.51,25.53,119.3,176.0,31.82,37.8,Low Productivity
33,4,2024,18,14,80.2,77.79,145.7,176.0,78.18,83.1,Excellent
16,10,2025,21,18,97.16,98.45,141.4,176.0,96.16,95.1,Outstanding
45,9,2024,14,12,92.52,99.78,114.6,176.0,90.1,90.6,Outstanding
42,1,2024,16,12,83.63,95.94,143.5,176.0,72.95,89.2,Excellent
44,5,2024,20,10,53.27,54.52,119.7,176.0,50.07,52.9,Needs Improvement
2,7,2024,18,6,29.97,46.29,128.8,176.0,30.16,45.0,Needs Improvement
35,1,2024,20,12,63.53,67.52,135.1,176.0,62.32,71.8,Good
42,7,2025,12,8,75.22,70.73,131.3,176.0,73.34,72.4,Good
34,4,2024,27,13,42.99,36.5,95.3,176.0,40.69,43.6,Needs Improvement
30,10,2024,14,4,35.95,29.67,118.3,176.0,36.23,39.4,Low Productivity
13,1,2025,21,15,65.77,66.8,142.5,176.0,60.53,67.9,Good
13,8,2024,22,10,59.49,55.33,111.6,176.0,58.26,55.8,Needs Improvement
18,8,2025,24,10,41.76,50.83,105.4,176.0,39.72,42.7,Needs Improvement
32,12,2025,20,17,84.07,80.22,169.3,176.0,77.83,90.8,Outstanding
32,8,2024,21,15,74.82,80.62,158.3,176.0,73.91,73.3,Good
35,6,2024,20,15,80.34,67.76,132.4,176.0,70.41,77.6,Excellent
39,10,2024,23,11,59.27,60.6,84.8,176.0,55.88,51.6,Needs Improvement
46,11,2025,28,24,96.17,85.97,146.6,176.0,97.86,84.8,Excellent
29,2,2024,28,7,18.6,28.92,103.6,176.0,20.66,31.6,Low Productivity
49,9,2024,12,8,70.71,83.66,138.7,176.0,70.78,76.9,Excellent
29,11,2024,10,7,68.67,78.0,115.0,176.0,69.8,72.2,Good
44,7,2025,10,6,71.99,67.21,157.6,176.0,75.09,74.0,Good
16,10,2024,25,22,96.69,96.61,123.8,176.0,97.21,91.0,Outstanding
44,4,2024,13,9,63.63,62.47,124.9,176.0,69.51,61.1,Good
47,8,2024,8,5,71.84,56.73,122.4,176.0,61.24,68.1,Good
10,9,2024,16,12,76.3,88.63,127.4,176.0,80.43,75.6,Excellent
30,11,2025,16,8,54.72,39.99,87.7,176.0,43.84,44.8,Needs Improvement
25,5,2025,27,22,83.79,89.12,146.3,176.0,80.66,81.0,Excellent
39,3,2024,21,12,66.58,61.83,149.8,176.0,70.24,61.1,Good
20,7,2024,19,7,38.31,40.3,109.9,176.0,41.41,44.3,Needs Improvement
5,9,2024,13,10,81.13,74.16,130.3,176.0,76.28,72.9,Good
1,12,2024,11,10,96.83,91.26,177.0,176.0,96.59,96.7,Outstanding
30,11,2025,14,9,67.48,68.94,147.7,176.0,64.5,76.2,Excellent
49,7,2024,20,9,49.39,49.48,105.6,176.0,53.63,55.7,Needs Improvement
3,8,2025,16,11,76.29,62.72,140.8,176.0,75.91,68.1,Good
45,3,2025,29,16,68.51,63.8,142.5,176.0,65.27,62.5,Good
14,4,2025,11,7,65.62,74.52,120.9,176.0,67.53,71.7,Good
30,4,2025,22,12,67.96,61.09,127.6,176.0,70.85,63.6,Good
50,12,2025,19,5,28.48,27.48,99.0,176.0,27.5,34.4,Low Productivity
4,1,2025,10,6,73.84,76.37,117.7,176.0,77.11,67.6,Good
18,5,2025,16,14,85.67,93.11,153.0,176.0,93.48,89.0,Excellent
37,5,2024,15,5,29.04,18.56,113.8,176.0,18.64,37.9,Low Productivity
25,1,2025,24,19,88.15,83.73,146.3,176.0,94.18,81.6,Excellent
48,7,2024,7,4,58.61,74.32,114.8,176.0,65.77,65.3,Good
1,8,2025,6,4,89.17,90.53,177.7,176.0,91.42,90.1,Outstanding
46,10,2024,10,8,93.67,99.14,144.6,176.0,92.11,89.5,Excellent
15,4,2025,28,14,55.5,47.83,131.1,176.0,47.71,56.5,Needs Improvement
9,1,2025,26,14,59.44,57.69,137.5,176.0,59.65,58.6,Needs Improvement
15,10,2025,29,16,63.31,56.41,88.9,176.0,61.3,59.7,Needs Improvement
49,6,2025,9,5,65.37,60.72,141.0,176.0,58.42,62.5,Good
24,5,2025,22,6,29.38,27.29,105.3,176.0,26.1,33.9,Low Productivity
4,8,2025,20,8,45.29,33.29,110.6,176.0,45.09,47.8,Needs Improvement
12,9,2024,12,8,79.17,72.18,135.5,176.0,80.52,72.8,Good
37,5,2025,29,22,77.59,71.12,150.6,176.0,72.47,74.7,Good
37,9,2025,24,14,57.11,64.26,93.4,176.0,45.2,59.5,Needs Improvement
43,3,2024,26,10,38.3,41.16,113.6,176.0,37.02,50.7,Needs Improvement
6,10,2024,15,11,79.32,59.65,146.5,176.0,74.73,77.2,Excellent
39,12,2024,14,6,47.19,59.45,151.1,176.0,45.01,60.2,Good
46,1,2024,28,19,70.39,72.06,114.6,176.0,60.16,72.1,Good
24,7,2024,29,26,89.73,87.5,159.6,176.0,88.12,91.4,Outstanding
11,5,2024,16,14,96.52,87.96,145.3,176.0,98.38,90.2,Outstanding
13,1,2024,25,10,44.01,33.44,121.9,176.0,41.8,48.9,Needs Improvement
34,7,2024,10,7,79.93,72.29,151.2,176.0,80.45,77.8,Excellent
25,10,2024,24,18,83.6,82.09,130.3,176.0,82.13,78.7,Excellent
7,4,2025,9,3,40.32,54.72,141.9,176.0,30.46,52.7,Needs Improvement
4,4,2024,27,12,52.41,45.03,136.4,176.0,52.81,54.2,Needs Improvement
8,9,2024,13,3,26.68,28.76,114.5,176.0,22.75,36.4,Low Productivity
20,6,2024,20,13,70.86,79.07,130.3,176.0,64.24,74.2,Good
29,4,2025,26,14,50.72,45.35,115.4,176.0,54.12,50.8,Needs Improvement
45,4,2024,18,13,79.23,77.42,147.6,176.0,80.57,78.0,Excellent
46,11,2025,26,10,43.03,35.47,107.3,176.0,39.97,40.4,Needs Improvement
10,7,2025,12,7,68.48,66.96,124.9,176.0,67.71,68.5,Good
43,10,2024,24,11,41.44,55.73,147.3,176.0,42.24,56.9,Needs Improvement
34,11,2025,23,6,18.04,14.77,110.6,176.0,9.54,33.6,Low Productivity
26,6,2024,18,9,45.79,60.34,133.5,176.0,40.09,58.3,Needs Improvement
41,12,2024,11,3,34.26,34.64,133.6,176.0,28.8,40.7,Needs Improvement
49,3,2025,9,7,84.88,82.64,146.5,176.0,87.37,81.5,Excellent
3,5,2024,22,20,97.33,100.0,143.9,176.0,100.0,94.8,Outstanding
6,4,2025,6,4,76.77,72.46,127.0,176.0,79.72,73.4,Good
5,5,2024,15,9,67.34,55.58,153.4,176.0,67.93,68.5,Good
5,3,2024,26,10,36.2,31.51,106.2,176.0,31.07,43.9,Needs Improvement
47,11,2025,12,10,92.22,89.65,104.0,176.0,95.92,88.6,Excellent
23,7,2024,5,1,34.01,33.6,70.1,176.0,32.2,39.8,Low Productivity
49,1,2025,26,18,75.85,62.97,113.8,176.0,70.8,66.8,Good
9,5,2024,16,11,72.45,65.89,133.3,176.0,76.07,69.7,Good
35,9,2024,6,4,88.21,81.73,140.9,176.0,94.85,84.1,Excellent
20,8,2025,22,8,41.25,40.12,120.2,176.0,44.94,45.4,Needs Improvement
49,7,2025,11,5,52.21,40.05,104.1,176.0,64.1,45.8,Needs Improvement
42,10,2025,21,9,41.77,34.46,119.7,176.0,37.98,54.3,Needs Improvement
35,1,2025,26,16,73.77,58.72,143.6,176.0,71.43,68.3,Good
50,5,2024,27,12,51.7,54.09,115.2,176.0,47.29,57.1,Needs Improvement
18,3,2025,18,15,89.81,83.84,142.8,176.0,85.37,84.7,Excellent
17,9,2025,28,16,60.67,47.66,114.6,176.0,67.66,57.8,Needs Improvement
24,12,2025,11,7,67.62,70.23,153.9,176.0,62.08,73.8,Good
3,4,2025,26,15,62.15,59.09,106.5,176.0,59.41,59.1,Needs Improvement
32,3,2025,29,24,83.61,72.06,170.8,176.0,89.91,81.3,Excellent
35,4,2025,7,1,27.59,17.56,101.5,176.0,29.52,37.6,Low Productivity
38,10,2024,10,2,32.54,34.04,86.9,176.0,27.46,35.8,Low Productivity
13,5,2024,24,20,85.13,73.86,159.6,176.0,84.72,78.2,Excellent
47,9,2024,6,4,75.17,81.37,147.7,176.0,66.68,78.7,Excellent
25,10,2024,21,18,96.54,76.99,157.7,176.0,95.54,83.4,Excellent
9,1,2024,16,10,61.09,53.11,142.7,176.0,61.47,62.0,Good
4,3,2024,16,9,50.73,59.19,129.6,176.0,51.43,60.6,Good
14,9,2025,21,12,57.27,55.21,135.9,176.0,66.66,63.8,Good
37,4,2024,14,8,61.93,56.89,149.3,176.0,65.64,57.4,Needs Improvement
34,12,2024,7,2,44.78,42.52,116.1,176.0,38.93,52.4,Needs Improvement
11,10,2024,24,14,57.66,56.86,141.4,176.0,58.2,61.3,Good
41,4,2025,22,12,74.89,48.87,92.2,176.0,74.56,56.8,Needs Improvement
3,3,2024,17,7,43.56,46.57,119.0,176.0,52.88,53.4,Needs Improvement
28,6,2025,16,11,75.73,76.42,177.8,176.0,73.52,85.8,Excellent
29,10,2025,21,13,57.39,64.18,104.3,176.0,58.04,59.9,Needs Improvement
9,12,2025,8,3,36.96,44.03,145.3,176.0,38.3,53.6,Needs Improvement
3,10,2025,27,17,54.83,57.33,141.8,176.0,49.48,64.2,Good
25,7,2024,14,8,70.75,55.81,105.7,176.0,63.13,70.4,Good
34,7,2025,15,6,46.09,37.27,112.6,176.0,44.96,43.3,Needs Improvement
12,8,2024,10,6,68.57,62.29,140.9,176.0,71.9,74.2,Good
42,5,2024,10,3,32.64,38.62,124.6,176.0,26.08,42.1,Needs Improvement
9,12,2024,13,5,41.38,39.64,107.7,176.0,40.88,42.2,Needs Improvement
15,6,2024,19,15,87.38,80.42,154.7,176.0,84.03,82.3,Excellent
40,12,2025,6,2,45.98,47.76,139.6,176.0,36.3,49.0,Needs Improvement
25,5,2025,8,4,45.96,64.59,133.7,176.0,47.12,55.4,Needs Improvement
5,7,2024,9,3,38.92,29.73,130.6,176.0,40.96,43.4,Needs Improvement
11,7,2025,21,12,56.71,56.67,119.9,176.0,60.06,58.7,Needs Improvement
34,7,2024,12,7,63.95,51.4,138.5,176.0,67.87,65.2,Good
24,1,2024,12,4,28.91,36.08,146.5,176.0,28.41,47.9,Needs Improvement
15,8,2024,26,13,54.57,47.19,106.8,176.0,56.57,53.5,Needs Improvement
38,11,2025,16,9,57.11,65.7,134.8,176.0,58.05,59.2,Needs Improvement
8,11,2024,25,12,47.18,38.07,103.2,176.0,34.32,41.7,Needs Improvement
5,7,2025,12,8,74.35,76.82,155.3,176.0,66.85,74.8,Good
48,2,2024,23,15,59.27,70.01,103.0,176.0,55.56,61.6,Good
26,3,2025,7,3,44.35,59.9,106.2,176.0,44.62,49.4,Needs Improvement
18,8,2024,22,10,51.17,63.19,153.6,176.0,52.51,65.4,Good
6,7,2024,25,10,45.36,36.08,106.5,176.0,48.62,43.2,Needs Improvement
37,8,2025,23,18,85.36,91.72,144.5,176.0,88.74,82.5,Excellent
48,7,2025,23,18,82.12,76.67,162.1,176.0,83.05,81.7,Excellent
13,5,2025,19,6,39.0,37.84,106.2,176.0,41.46,40.2,Needs Improvement
28,3,2025,10,6,57.79,75.95,99.3,176.0,65.46,65.4,Good
5,12,2024,20,11,65.73,52.84,111.1,176.0,67.79,60.3,Good
13,11,2025,12,7,55.44,61.81,148.9,176.0,55.28,70.5,Good
17,1,2024,20,12,65.75,48.32,153.2,176.0,68.04,64.1,Good
50,4,2024,22,16,70.36,80.87,108.9,176.0,74.44,78.3,Excellent
40,8,2025,24,11,39.49,64.9,104.2,176.0,47.24,54.9,Needs Improvement
45,12,2025,20,11,53.9,61.34,115.3,176.0,48.43,60.7,Good
32,3,2025,15,11,75.65,87.19,135.3,176.0,67.46,73.0,Good
29,3,2025,11,10,99.75,100.0,140.3,176.0,100.0,87.0,Excellent
3,8,2025,21,14,79.71,64.96,138.1,176.0,72.49,67.8,Good
40,4,2025,21,18,89.45,92.69,143.5,176.0,88.21,89.5,Excellent
34,9,2025,16,11,67.37,78.26,133.0,176.0,76.42,76.4,Excellent
40,11,2025,17,9,47.43,44.63,106.2,176.0,47.44,53.2,Needs Improvement
27,11,2025,14,4,37.93,45.63,119.0,176.0,38.0,44.6,Needs Improvement
13,5,2025,11,7,75.76,68.18,117.0,176.0,73.76,73.5,Good
45,11,2025,18,15,80.51,81.81,152.6,176.0,88.04,86.7,Excellent
33,9,2024,27,12,40.92,44.68,132.5,176.0,43.04,49.9,Needs Improvement
6,6,2025,5,2,48.7,44.04,144.9,176.0,46.36,54.2,Needs Improvement
24,7,2025,21,17,76.57,100.0,153.7,176.0,83.97,87.9,Excellent
19,8,2025,8,4,51.11,48.48,126.1,176.0,52.03,57.7,Needs Improvement
16,3,2025,25,24,98.52,83.79,131.6,176.0,96.45,90.2,Outstanding
40,10,2024,9,4,38.26,49.57,140.7,176.0,27.82,53.7,Needs Improvement
28,7,2025,24,13,62.84,51.17,128.6,176.0,63.53,58.5,Needs Improvement
33,9,2025,28,8,41.95,26.78,108.7,176.0,39.69,38.6,Low Productivity
48,4,2024,27,13,51.53,55.92,126.7,176.0,49.96,55.5,Needs Improvement
41,1,2025,29,16,57.58,49.06,127.9,176.0,55.73,55.3,Needs Improvement
13,7,2024,11,3,31.55,28.41,105.2,176.0,22.4,37.2,Low Productivity
43,5,2025,14,9,70.67,71.89,130.2,176.0,83.49,68.2,Good
45,11,2025,21,10,45.53,42.95,130.2,176.0,42.06,51.7,Needs Improvement
25,3,2025,11,5,40.98,46.28,94.8,176.0,44.32,45.7,Needs Improvement
42,2,2025,5,2,52.54,56.64,100.6,176.0,51.44,53.4,Needs Improvement
36,11,2024,11,6,56.96,55.26,112.2,176.0,43.27,61.8,Good
27,7,2024,28,11,36.18,42.43,131.7,176.0,35.44,52.1,Needs Improvement
38,1,2024,15,8,52.1,61.69,133.7,176.0,52.7,60.7,Good
7,11,2025,13,7,57.57,54.38,118.3,176.0,54.84,62.5,Good
5,9,2025,16,11,67.72,62.64,127.5,176.0,74.98,65.0,Good
43,7,2024,7,4,69.11,57.46,131.4,176.0,78.07,62.6,Good
45,1,2024,8,4,34.08,41.71,127.0,176.0,35.52,49.4,Needs Improvement
31,12,2025,8,3,38.43,54.13,135.8,176.0,40.55,49.0,Needs Improvement
23,11,2025,29,26,98.41,77.46,183.9,176.0,92.65,93.0,Outstanding
42,6,2025,17,16,94.64,100.0,154.7,176.0,88.86,95.9,Outstanding
10,8,2025,27,11,43.58,37.19,147.2,176.0,40.31,49.5,Needs Improvement
32,10,2025,23,14,61.3,70.22,130.7,176.0,71.3,73.5,Good
43,10,2025,14,12,89.24,89.0,158.4,176.0,86.5,91.5,Outstanding
30,6,2024,9,3,49.72,44.49,130.1,176.0,56.31,53.1,Needs Improvement
39,5,2025,11,7,63.91,70.91,150.3,176.0,60.29,72.4,Good
31,8,2025,28,19,65.95,80.12,159.7,176.0,61.14,73.2,Good
18,3,2025,20,15,79.98,72.14,122.1,176.0,77.48,80.6,Excellent
36,6,2024,5,4,79.81,84.53,153.4,176.0,77.18,81.6,Excellent
2,12,2024,16,10,62.55,68.06,150.0,176.0,58.92,69.8,Good
14,6,2025,6,3,51.35,41.25,107.1,176.0,59.16,53.9,Needs Improvement
13,8,2024,11,7,70.27,58.05,109.4,176.0,70.0,69.1,Good
29,3,2024,15,9,61.96,67.34,109.2,176.0,60.97,63.2,Good
12,3,2025,17,11,68.42,71.9,131.4,176.0,68.55,72.1,Good
39,10,2025,6,2,45.86,43.03,142.6,176.0,50.43,47.1,Needs Improvement
2,5,2025,11,5,56.74,53.66,100.9,176.0,56.87,60.3,Good
32,9,2024,19,12,64.12,61.5,115.2,176.0,65.65,63.8,Good
13,2,2025,29,19,70.81,80.35,126.6,176.0,75.9,70.8,Good
46,9,2024,15,6,49.28,59.27,101.5,176.0,43.93,50.2,Needs Improvement
27,11,2025,6,4,72.89,71.95,119.3,176.0,68.7,71.9,Good
49,2,2024,11,5,55.62,44.91,89.7,176.0,56.16,45.4,Needs Improvement
41,1,2024,8,7,84.93,88.59,149.4,176.0,81.39,92.6,Outstanding
17,12,2025,15,9,65.04,68.36,161.3,176.0,63.88,69.4,Good
40,7,2025,6,5,94.27,82.91,162.5,176.0,88.76,94.4,Outstanding
31,2,2025,20,12,57.14,54.91,149.3,176.0,52.83,61.0,Good
34,8,2024,11,3,37.0,32.02,99.6,176.0,42.55,39.7,Low Productivity
24,1,2024,17,6,43.95,43.43,98.9,176.0,42.11,46.3,Needs Improvement
45,1,2024,9,5,62.68,75.55,138.9,176.0,60.38,71.5,Good
35,6,2025,21,18,90.46,89.19,151.0,176.0,86.33,86.5,Excellent
48,1,2025,25,10,46.66,45.52,112.4,176.0,42.23,44.3,Needs Improvement
6,12,2025,16,4,36.65,37.8,129.1,176.0,31.46,40.6,Needs Improvement
19,7,2025,23,21,97.52,98.83,141.3,176.0,91.07,95.9,Outstanding
30,3,2025,11,4,44.98,33.73,96.4,176.0,41.46,48.0,Needs Improvement
7,5,2024,10,5,51.78,61.24,136.2,176.0,51.2,55.3,Needs Improvement
10,1,2025,12,6,56.35,66.56,137.4,176.0,59.56,61.7,Good
41,9,2024,17,4,15.23,30.09,86.4,176.0,14.81,24.9,Low Productivity
32,6,2025,9,6,61.66,68.08,134.8,176.0,56.62,66.5,Good
34,4,2025,6,2,48.58,47.29,87.1,176.0,45.88,44.4,Needs Improvement
28,1,2024,13,4,34.98,41.97,114.9,176.0,31.97,40.3,Needs Improvement
15,1,2025,15,13,94.52,77.63,147.0,176.0,91.21,92.4,Outstanding
30,7,2025,28,20,74.55,76.78,135.0,176.0,72.66,78.6,Excellent
37,2,2025,10,5,58.18,61.41,104.5,176.0,62.63,57.8,Needs Improvement
29,1,2024,11,10,82.16,100.0,171.7,176.0,85.53,92.9,Outstanding
22,7,2025,29,11,42.32,43.57,116.4,176.0,50.3,49.5,Needs Improvement
4,5,2025,11,5,50.92,50.42,134.3,176.0,46.46,52.3,Needs Improvement
20,2,2025,23,15,64.98,66.1,133.8,176.0,59.4,69.7,Good
32,12,2024,10,7,80.69,74.98,158.6,176.0,78.85,77.6,Excellent
36,2,2025,15,9,58.53,71.34,104.4,176.0,64.36,71.4,Good
50,9,2025,15,8,64.49,62.25,127.4,176.0,53.97,59.6,Needs Improvement
4,11,2025,11,3,19.6,37.61,122.2,176.0,20.17,37.0,Low Productivity
27,5,2024,6,3,61.85,62.22,103.4,176.0,60.16,59.0,Needs Improvement
17,3,2025,23,14,64.18,73.55,133.8,176.0,67.3,71.4,Good
12,2,2024,8,2,38.33,32.3,118.5,176.0,40.43,44.5,Needs Improvement
22,11,2024,10,6,56.53,67.49,126.9,176.0,59.62,63.6,Good
17,1,2025,21,16,83.15,73.44,157.3,176.0,85.6,76.4,Excellent
10,5,2024,29,15,55.82,51.26,136.7,176.0,69.83,56.6,Needs Improvement
1,11,2024,9,8,99.62,100.0,142.8,176.0,100.0,90.6,Outstanding
22,12,2024,11,8,77.69,78.25,133.5,176.0,81.81,76.4,Excellent
26,2,2024,13,4,27.75,33.24,87.7,176.0,25.33,39.7,Low Productivity
18,3,2024,29,18,58.3,74.95,135.7,176.0,56.42,70.1,Good
50,12,2024,5,4,80.0,61.59,148.7,176.0,85.75,79.3,Excellent
14,6,2024,5,4,91.81,79.64,144.8,176.0,97.75,83.0,Excellent
47,5,2024,23,21,95.04,90.81,157.4,176.0,90.79,100.0,Outstanding
29,5,2024,10,5,58.62,51.31,113.7,176.0,48.63,58.2,Needs Improvement
12,2,2025,22,12,65.37,46.24,105.3,176.0,56.21,59.2,Needs Improvement
36,4,2025,14,7,45.69,49.76,127.9,176.0,51.55,57.4,Needs Improvement
35,7,2024,15,11,80.78,83.63,139.5,176.0,87.58,80.1,Excellent
12,12,2025,5,1,42.57,38.82,96.5,176.0,42.66,43.8,Needs Improvement
7,7,2024,5,1,35.26,36.86,93.5,176.0,36.88,35.8,Low Productivity
29,1,2025,17,12,74.89,71.2,150.3,176.0,83.8,74.6,Good
11,3,2025,9,7,85.84,95.47,161.8,176.0,95.91,94.0,Outstanding
33,10,2024,24,11,39.23,42.12,126.9,176.0,42.62,52.4,Needs Improvement
6,8,2024,5,2,38.8,26.64,112.7,176.0,38.69,43.9,Needs Improvement
47,7,2024,24,16,72.31,55.45,124.2,176.0,70.15,69.0,Good
15,10,2024,7,6,100.0,86.88,172.5,176.0,98.59,93.0,Outstanding
32,5,2024,22,5,18.92,17.99,95.2,176.0,15.04,30.7,Low Productivity
11,6,2024,13,4,26.28,28.0,110.2,176.0,29.54,35.8,Low Productivity
23,6,2024,18,11,56.56,73.53,118.8,176.0,55.9,60.8,Good
26,7,2024,21,12,56.66,48.49,124.8,176.0,52.57,64.3,Good
34,5,2025,27,6,30.03,37.36,60.2,176.0,35.68,30.4,Low Productivity
46,7,2025,18,12,77.53,64.5,127.3,176.0,80.29,74.1,Good
34,8,2025,8,4,46.23,46.67,102.4,176.0,47.51,51.3,Needs Improvement
29,5,2025,9,3,33.82,38.74,115.1,176.0,33.02,35.4,Low Productivity
4,1,2025,25,7,23.89,42.84,95.7,176.0,26.17,36.9,Low Productivity
17,4,2024,21,11,51.19,49.83,119.9,176.0,49.45,50.2,Needs Improvement
35,5,2024,26,18,69.57,65.88,168.5,176.0,83.42,76.5,Excellent
13,11,2024,29,19,64.76,62.47,118.1,176.0,76.17,64.7,Good
41,4,2025,6,4,80.29,86.92,144.0,176.0,76.2,85.0,Excellent
39,8,2024,27,13,39.89,45.95,122.9,176.0,38.59,51.5,Needs Improvement
15,10,2025,26,16,60.82,66.99,116.5,176.0,56.32,61.3,Good
29,7,2024,9,7,89.35,83.48,162.6,176.0,79.97,88.1,Excellent
29,2,2025,8,2,40.19,32.29,131.2,176.0,48.73,38.0,Low Productivity
11,7,2025,8,4,64.95,52.64,143.3,176.0,64.2,61.3,Good
32,9,2025,10,5,52.79,66.57,106.4,176.0,47.32,51.5,Needs Improvement
2,6,2024,24,14,55.19,80.8,116.2,176.0,46.52,66.0,Good
47,1,2025,25,11,46.08,38.14,85.8,176.0,47.2,45.1,Needs Improvement
14,6,2024,17,10,76.94,55.73,128.7,176.0,78.73,66.8,Good
20,10,2025,26,21,79.01,81.99,143.7,176.0,81.07,78.4,Excellent
22,3,2025,9,6,85.38,58.03,152.7,176.0,90.73,79.7,Excellent
11,12,2024,27,22,72.87,85.44,174.5,176.0,77.35,88.3,Excellent
27,9,2025,29,21,75.55,88.75,119.3,176.0,69.11,77.0,Excellent
3,5,2025,27,15,59.4,51.37,127.0,176.0,53.96,57.1,Needs Improvement
17,9,2025,11,6,62.92,69.7,125.5,176.0,67.79,64.6,Good
44,1,2024,24,21,93.84,100.0,151.0,176.0,90.75,93.0,Outstanding
28,4,2024,5,2,43.4,33.89,136.1,176.0,36.07,43.6,Needs Improvement
29,1,2024,18,7,46.67,45.25,116.5,176.0,39.8,51.8,Needs Improvement
21,10,2024,28,17,59.38,63.86,137.1,176.0,64.06,68.6,Good
47,9,2025,8,3,47.61,54.8,126.3,176.0,52.21,59.8,Needs Improvement
16,5,2024,21,12,54.69,67.91,132.5,176.0,55.33,63.5,Good
37,2,2025,25,11,49.37,54.69,105.1,176.0,44.66,55.6,Needs Improvement
20,8,2025,18,9,60.75,47.98,151.5,176.0,60.44,64.7,Good
6,4,2025,20,6,41.55,34.22,105.7,176.0,40.75,38.5,Low Productivity
19,7,2024,18,9,50.56,66.52,131.7,176.0,48.35,57.8,Needs Improvement
5,7,2024,20,10,45.99,67.33,127.5,176.0,49.41,62.9,Good
3,1,2024,28,14,52.93,52.85,89.2,176.0,50.53,50.2,Needs Improvement
1,9,2025,24,10,37.38,38.91,98.9,176.0,40.08,41.3,Needs Improvement
38,1,2025,12,6,53.63,59.06,122.3,176.0,55.3,59.6,Needs Improvement
15,3,2025,28,15,43.11,58.43,110.6,176.0,35.9,50.6,Needs Improvement
34,4,2024,7,3,54.9,53.58,125.6,176.0,64.87,54.6,Needs Improvement
35,10,2025,29,24,83.72,89.16,132.7,176.0,86.6,77.6,Excellent
49,2,2025,23,17,66.87,68.87,141.4,176.0,58.91,70.9,Good
25,4,2024,5,1,35.87,41.13,81.9,176.0,28.69,36.8,Low Productivity
24,1,2025,6,3,57.26,58.02,138.0,176.0,65.18,59.3,Needs Improvement
12,3,2025,19,8,46.59,53.1,121.9,176.0,47.49,50.6,Needs Improvement
18,2,2025,26,20,81.22,77.37,149.2,176.0,84.02,73.4,Good
15,12,2025,14,6,31.61,48.35,113.6,176.0,33.54,43.6,Needs Improvement
44,5,2025,22,14,64.0,70.01,122.6,176.0,69.43,71.5,Good
16,3,2025,26,16,62.74,58.81,154.2,176.0,68.39,67.8,Good
27,10,2024,18,12,66.17,60.44,159.1,176.0,61.78,68.6,Good
8,6,2025,21,15,70.29,78.5,136.6,176.0,72.81,72.5,Good
46,7,2024,17,9,63.22,51.1,117.8,176.0,56.2,61.4,Good
25,5,2024,5,3,53.45,59.42,103.8,176.0,48.01,59.3,Needs Improvement
17,5,2025,9,6,70.41,68.94,140.9,176.0,68.89,69.1,Good
29,1,2025,17,11,68.86,72.86,125.9,176.0,60.36,69.2,Good
8,11,2024,29,22,77.64,83.59,135.4,176.0,73.75,75.5,Excellent
15,3,2024,18,7,34.31,26.75,125.8,176.0,23.45,39.5,Low Productivity
27,8,2025,28,17,73.6,57.09,115.9,176.0,73.5,66.2,Good
46,9,2024,7,2,43.44,32.37,139.6,176.0,51.65,47.9,Needs Improvement
50,8,2024,19,14,88.55,75.67,126.7,176.0,88.71,81.2,Excellent
7,6,2025,23,9,42.76,23.62,80.9,176.0,42.94,37.9,Low Productivity
3,4,2024,21,16,81.46,86.72,132.2,176.0,79.66,75.6,Excellent
29,9,2024,7,4,59.23,59.74,132.8,176.0,64.12,58.9,Needs Improvement
44,8,2024,20,14,82.12,73.23,141.5,176.0,81.86,78.2,Excellent
24,12,2025,18,15,88.51,91.73,151.3,176.0,83.02,88.1,Excellent
3,3,2024,16,9,60.34,65.43,124.9,176.0,61.19,60.6,Good
20,5,2024,16,8,64.47,59.29,116.7,176.0,72.23,59.3,Needs Improvement
46,6,2024,15,9,59.05,65.44,113.9,176.0,51.91,69.8,Good
15,3,2024,21,14,63.84,68.34,135.9,176.0,59.13,71.7,Good
25,2,2024,12,6,70.17,62.87,140.7,176.0,69.65,69.9,Good
30,9,2024,21,17,87.19,88.1,147.3,176.0,85.44,82.0,Excellent
14,12,2025,25,18,62.42,89.41,129.1,176.0,64.52,81.0,Excellent
7,1,2024,29,11,43.64,39.67,113.0,176.0,38.72,43.4,Needs Improvement
17,10,2024,27,21,73.57,83.89,164.9,176.0,70.92,86.7,Excellent
44,8,2024,24,6,23.57,25.46,98.1,176.0,23.84,32.6,Low Productivity
20,9,2024,15,6,59.4,49.24,98.8,176.0,59.84,53.6,Needs Improvement
36,1,2025,29,19,76.24,70.97,137.7,176.0,89.26,74.5,Good
9,5,2025,29,10,46.89,33.35,118.4,176.0,50.81,44.4,Needs Improvement
38,1,2024,6,3,57.42,55.28,141.4,176.0,49.71,64.3,Good
48,8,2025,14,10,73.56,80.15,150.5,176.0,68.49,75.0,Excellent
22,12,2025,14,10,76.36,78.9,142.7,176.0,69.55,77.2,Excellent
2,5,2025,15,8,61.56,68.96,113.3,176.0,69.63,64.8,Good
24,5,2025,10,6,64.42,66.17,118.2,176.0,59.08,66.3,Good
8,11,2024,8,7,97.49,80.15,145.4,176.0,100.0,85.8,Excellent
11,8,2025,28,12,46.7,44.34,124.6,176.0,49.14,50.8,Needs Improvement
13,1,2025,16,12,82.81,81.51,130.5,176.0,75.48,74.1,Good
17,9,2025,15,8,50.89,37.82,116.5,176.0,48.8,55.2,Needs Improvement
8,1,2024,27,18,65.95,67.99,121.2,176.0,64.63,61.5,Good
21,11,2024,27,23,88.12,92.22,172.9,176.0,80.22,90.7,Outstanding
18,12,2024,29,12,39.22,43.4,109.9,176.0,48.15,48.0,Needs Improvement
30,4,2024,17,9,59.2,51.09,133.2,176.0,60.05,58.9,Needs Improvement
18,2,2024,9,5,66.61,51.65,152.7,176.0,74.57,63.6,Good
46,4,2024,10,3,36.31,37.41,95.7,176.0,47.35,43.9,Needs Improvement
47,4,2025,5,1,33.01,19.92,115.2,176.0,33.81,33.0,Low Productivity
31,6,2025,10,7,88.75,83.92,141.4,176.0,90.62,87.3,Excellent
38,8,2025,22,12,61.15,56.42,145.8,176.0,57.22,61.9,Good
32,2,2025,26,21,86.2,94.9,134.5,176.0,92.87,84.5,Excellent
11,8,2024,13,9,75.72,53.62,138.6,176.0,75.48,70.7,Good
45,11,2025,28,12,52.23,41.11,124.6,176.0,50.11,49.3,Needs Improvement
25,5,2025,29,13,52.85,51.12,105.9,176.0,49.01,51.5,Needs Improvement
33,12,2025,19,9,50.36,59.86,117.5,176.0,50.73,57.9,Needs Improvement
38,3,2025,12,5,51.36,53.04,115.4,176.0,54.47,49.4,Needs Improvement
41,7,2025,23,14,61.05,54.91,146.4,176.0,62.07,66.3,Good
8,9,2024,28,7,27.49,23.92,135.5,176.0,29.81,31.5,Low Productivity
11,4,2024,20,14,74.16,53.88,161.1,176.0,73.08,71.7,Good
22,2,2024,10,8,81.72,89.33,172.7,176.0,84.25,88.4,Excellent
24,11,2024,10,7,75.07,82.53,75.8,176.0,77.44,66.0,Good
41,8,2024,26,17,64.08,67.59,136.0,176.0,70.15,73.9,Good
17,6,2025,7,2,31.79,42.34,111.1,176.0,35.83,43.3,Needs Improvement
12,4,2025,14,8,64.18,64.61,140.2,176.0,64.96,64.0,Good
46,7,2024,5,3,63.74,62.51,110.4,176.0,65.82,64.1,Good
32,10,2025,18,11,64.13,43.58,141.3,176.0,58.38,69.3,Good
15,9,2024,8,5,73.04,84.95,108.1,176.0,79.43,71.1,Good
16,12,2024,16,10,60.92,67.46,146.6,176.0,59.67,70.1,Good
22,5,2025,10,8,87.17,76.58,124.5,176.0,86.55,78.3,Excellent
28,3,2025,15,13,84.14,93.92,171.1,176.0,81.75,93.0,Outstanding
20,8,2024,16,12,80.41,82.49,162.3,176.0,75.98,81.5,Excellent
33,10,2024,14,6,56.69,57.28,112.4,176.0,52.6,54.3,Needs Improvement
10,10,2024,22,10,40.77,50.55,124.0,176.0,35.38,51.7,Needs Improvement
40,3,2024,11,9,93.63,90.31,149.2,176.0,92.44,92.5,Outstanding
32,11,2025,11,7,75.45,66.61,109.8,176.0,79.62,62.6,Good
50,11,2024,15,5,33.18,30.95,118.1,176.0,33.06,45.9,Needs Improvement
33,10,2025,8,2,34.02,37.77,123.7,176.0,37.34,35.9,Low Productivity
2,4,2025,24,16,61.94,68.24,129.9,176.0,64.35,69.1,Good
33,10,2024,5,2,34.66,34.29,123.1,176.0,32.42,44.3,Needs Improvement
33,8,2025,17,6,38.9,32.79,97.3,176.0,45.09,40.0,Low Productivity
41,3,2024,22,12,60.25,49.11,140.3,176.0,65.24,60.8,Good
13,9,2024,13,7,56.75,68.06,127.8,176.0,60.85,65.3,Good
30,12,2025,28,22,75.62,97.11,144.8,176.0,77.7,85.7,Excellent
33,7,2025,28,20,70.45,83.61,146.5,176.0,68.75,77.1,Excellent
13,1,2024,13,8,68.33,66.88,154.0,176.0,66.62,72.4,Good
26,5,2024,27,12,50.21,45.2,124.5,176.0,50.06,50.8,Needs Improvement
22,7,2025,13,10,87.5,81.96,131.2,176.0,94.39,82.7,Excellent
39,1,2024,14,11,78.52,72.55,133.6,176.0,84.1,80.7,Excellent
2,3,2024,6,5,88.83,100.0,154.3,176.0,81.62,96.8,Outstanding
38,9,2024,10,7,80.06,65.22,146.2,176.0,81.35,77.8,Excellent
39,4,2025,19,9,60.57,45.57,104.5,176.0,48.13,50.6,Needs Improvement
26,1,2025,7,2,40.16,41.22,119.5,176.0,37.95,48.2,Needs Improvement
46,6,2025,15,10,67.06,66.95,147.6,176.0,63.67,72.1,Good
50,3,2024,10,7,66.69,78.84,131.7,176.0,69.47,79.2,Excellent
15,12,2025,7,1,30.66,22.6,132.0,176.0,25.22,39.0,Low Productivity
34,9,2025,28,15,67.1,40.81,114.2,176.0,59.46,54.6,Needs Improvement
42,6,2024,15,4,33.56,26.99,106.1,176.0,31.07,34.5,Low Productivity
44,3,2024,19,10,67.41,55.04,93.8,176.0,67.38,50.0,Needs Improvement
49,9,2025,17,13,77.45,77.43,138.8,176.0,68.75,78.2,Excellent
40,10,2025,24,17,65.2,69.67,135.2,176.0,70.89,69.8,Good
11,2,2025,14,3,32.81,22.49,93.8,176.0,31.81,30.1,Low Productivity
3,3,2024,10,6,69.3,57.85,123.7,176.0,69.43,64.0,Good
6,6,2024,19,7,33.87,50.03,102.9,176.0,39.38,49.0,Needs Improvement
9,5,2024,29,11,48.08,49.96,120.5,176.0,44.41,41.3,Needs Improvement
6,1,2025,22,16,73.12,87.32,112.1,176.0,80.53,72.0,Good
9,10,2024,22,11,45.47,41.58,92.9,176.0,45.49,55.1,Needs Improvement
39,7,2024,11,3,38.07,38.29,100.7,176.0,42.03,43.9,Needs Improvement
31,8,2024,19,10,50.07,53.19,123.4,176.0,52.29,58.1,Needs Improvement
32,3,2025,22,13,66.73,57.8,117.6,176.0,70.16,62.7,Good
41,3,2025,22,7,28.24,26.57,108.2,176.0,28.62,34.7,Low Productivity
50,4,2025,24,13,58.7,77.96,135.3,176.0,56.36,62.9,Good
12,9,2025,13,8,66.12,62.55,146.3,176.0,75.82,69.2,Good
8,1,2024,28,21,78.08,69.38,161.3,176.0,77.98,80.5,Excellent
8,3,2024,6,5,82.14,89.68,131.0,176.0,76.65,82.7,Excellent
50,6,2024,12,6,54.56,61.64,112.9,176.0,61.91,53.1,Needs Improvement
28,1,2024,24,15,73.5,65.5,120.1,176.0,71.94,70.0,Good
20,11,2024,6,3,49.4,52.37,135.5,176.0,40.79,58.3,Needs Improvement
47,10,2024,15,9,57.4,71.17,121.0,176.0,53.28,67.6,Good
7,10,2025,11,8,77.46,72.04,148.4,176.0,67.67,77.8,Excellent
11,10,2024,10,8,74.35,82.06,123.3,176.0,70.45,71.1,Good
20,6,2024,14,10,64.11,69.9,130.4,176.0,72.9,67.7,Good
16,8,2024,9,7,82.61,77.3,133.3,176.0,84.91,84.1,Excellent
4,5,2024,15,8,58.27,71.79,136.5,176.0,58.25,61.3,Good
6,1,2024,5,1,42.75,38.54,92.7,176.0,39.86,44.6,Needs Improvement
22,2,2024,6,3,57.59,46.76,151.0,176.0,56.9,56.6,Needs Improvement
26,4,2025,28,16,63.78,59.81,131.8,176.0,69.35,60.6,Good
3,2,2024,5,3,66.05,56.58,122.1,176.0,56.91,69.9,Good
41,10,2025,23,10,57.0,44.63,122.2,176.0,71.7,58.3,Needs Improvement
42,3,2025,6,3,58.28,57.06,117.8,176.0,53.87,61.7,Good
14,8,2024,25,13,53.19,58.86,107.9,176.0,51.94,55.3,Needs Improvement
11,6,2025,24,18,84.01,91.21,151.0,176.0,83.21,86.4,Excellent
18,11,2025,27,16,60.19,60.74,150.2,176.0,59.26,61.3,Good
12,1,2025,25,5,22.15,17.58,103.9,176.0,18.79,32.2,Low Productivity
23,7,2025,28,16,59.65,58.36,107.7,176.0,64.02,65.0,Good
12,8,2025,8,4,57.67,63.76,109.2,176.0,63.37,59.8,Needs Improvement
13,4,2024,16,15,94.84,98.26,178.2,176.0,99.62,93.2,Outstanding
25,8,2024,26,20,73.19,76.48,154.0,176.0,73.63,83.0,Excellent
45,11,2024,24,13,56.06,41.58,109.6,176.0,53.12,55.3,Needs Improvement
19,3,2025,22,17,84.06,80.94,134.4,176.0,83.13,80.4,Excellent
46,5,2024,5,2,41.84,49.53,117.5,176.0,41.41,46.3,Needs Improvement
36,1,2024,5,2,47.57,57.57,117.8,176.0,42.67,51.3,Needs Improvement
45,10,2024,28,17,57.61,72.76,161.2,176.0,58.5,73.3,Good
8,1,2025,18,16,96.78,85.41,141.7,176.0,100.0,88.4,Excellent
29,2,2024,8,2,36.06,33.44,118.3,176.0,35.21,41.6,Needs Improvement
32,5,2025,9,6,74.83,74.44,144.8,176.0,77.33,76.8,Excellent
44,9,2025,15,10,72.67,74.94,110.5,176.0,69.38,64.2,Good
18,8,2025,28,12,37.03,41.74,79.2,176.0,41.46,42.1,Needs Improvement
6,11,2025,27,24,89.51,93.5,145.7,176.0,86.22,89.1,Excellent
18,10,2024,17,12,78.37,67.77,143.0,176.0,76.31,78.1,Excellent
19,10,2024,20,13,66.95,61.63,157.7,176.0,69.54,72.7,Good
22,8,2025,28,19,69.56,77.34,123.0,176.0,64.61,67.5,Good
37,10,2025,17,12,75.29,76.8,146.6,176.0,77.45,75.7,Excellent
32,9,2025,28,12,49.04,49.7,110.6,176.0,54.29,53.3,Needs Improvement
41,8,2025,26,17,68.96,66.3,160.3,176.0,69.78,68.5,Good
3,5,2024,6,5,96.78,90.87,147.0,176.0,100.0,93.4,Outstanding
28,8,2025,20,9,47.92,38.26,110.8,176.0,41.46,48.0,Needs Improvement
10,5,2024,10,7,70.98,65.93,141.1,176.0,73.22,73.9,Good
35,5,2025,18,9,58.36,58.34,123.5,176.0,56.08,56.7,Needs Improvement
29,4,2025,5,3,60.86,61.35,150.5,176.0,62.78,64.9,Good
15,6,2024,21,8,38.76,39.79,113.5,176.0,46.67,42.4,Needs Improvement
33,1,2025,15,7,41.65,40.24,124.5,176.0,26.73,53.8,Needs Improvement
7,6,2024,23,12,56.2,60.24,98.2,176.0,53.1,58.1,Needs Improvement
12,3,2025,7,4,58.71,75.92,111.5,176.0,47.26,61.8,Good
49,7,2024,15,6,40.33,49.08,109.7,176.0,34.18,50.4,Needs Improvement
30,2,2025,9,5,62.99,62.23,134.2,176.0,60.62,69.3,Good
21,12,2024,21,8,40.22,53.13,102.2,176.0,44.52,50.9,Needs Improvement
31,8,2025,26,17,69.97,68.69,136.9,176.0,74.01,70.6,Good
24,6,2024,11,7,75.0,69.11,130.2,176.0,78.89,73.0,Good
20,10,2024,14,6,45.92,56.84,142.8,176.0,48.72,53.1,Needs Improvement
37,7,2024,15,12,83.73,79.49,141.6,176.0,77.03,85.0,Excellent
4,5,2024,7,3,56.25,45.24,131.9,176.0,60.26,59.4,Needs Improvement
28,5,2024,24,14,59.62,56.04,123.6,176.0,56.23,63.4,Good
44,7,2024,14,10,74.89,82.48,141.2,176.0,77.13,73.4,Good
20,11,2024,14,10,69.41,66.95,146.4,176.0,64.82,75.6,Excellent
24,5,2024,18,11,65.74,50.01,134.1,176.0,64.84,63.7,Good
50,1,2024,16,5,33.25,44.24,98.2,176.0,32.91,42.7,Needs Improvement
49,10,2024,19,12,72.9,91.8,139.3,176.0,74.63,73.5,Good
32,2,2025,14,4,31.79,25.49,101.1,176.0,27.6,39.9,Low Productivity
41,9,2024,14,5,37.77,35.2,120.9,176.0,41.08,42.2,Needs Improvement
36,4,2024,23,8,29.76,25.38,126.1,176.0,23.19,42.7,Needs Improvement
34,3,2024,5,3,76.29,65.3,152.4,176.0,84.79,73.4,Good
36,5,2024,28,14,53.86,39.98,105.8,176.0,50.1,56.6,Needs Improvement
2,12,2024,14,10,76.67,61.39,92.0,176.0,66.88,67.2,Good
15,1,2024,6,2,41.98,39.71,145.6,176.0,41.62,54.4,Needs Improvement
34,11,2024,21,11,61.96,40.3,130.2,176.0,59.9,55.6,Needs Improvement
36,2,2025,28,11,40.14,29.48,118.6,176.0,35.55,40.0,Low Productivity
6,11,2024,11,8,81.58,83.03,134.4,176.0,88.31,81.7,Excellent
39,8,2025,11,4,48.92,40.02,85.2,176.0,52.69,44.8,Needs Improvement
42,12,2025,24,11,51.35,49.89,87.6,176.0,53.66,47.3,Needs Improvement
12,8,2024,13,10,79.82,75.45,137.5,176.0,75.04,81.5,Excellent
3,12,2024,26,16,56.92,63.39,134.2,176.0,54.27,61.1,Good
45,11,2024,6,3,54.44,69.52,155.9,176.0,51.39,73.9,Good
18,7,2025,18,8,44.15,41.69,120.5,176.0,35.02,48.5,Needs Improvement
40,6,2024,21,14,69.22,74.79,145.3,176.0,70.58,69.2,Good
21,9,2025,5,2,42.21,48.19,113.3,176.0,43.93,52.6,Needs Improvement
15,12,2025,13,8,66.82,60.4,126.7,176.0,67.43,66.8,Good
33,1,2025,24,18,79.62,67.77,119.0,176.0,80.76,72.7,Good
35,9,2025,25,17,68.18,55.22,116.4,176.0,62.52,62.7,Good
26,4,2024,23,20,89.95,78.55,132.2,176.0,85.48,87.6,Excellent
8,6,2025,8,5,74.98,57.85,132.2,176.0,73.39,71.3,Good
36,2,2025,12,7,51.77,51.82,102.9,176.0,58.7,54.5,Needs Improvement
48,10,2024,17,15,92.83,96.13,139.5,176.0,98.64,91.0,Outstanding
30,6,2024,8,2,26.72,30.32,103.7,176.0,29.31,33.0,Low Productivity
23,11,2024,13,7,54.64,52.73,88.6,176.0,64.72,56.7,Needs Improvement
42,5,2025,13,8,62.87,60.64,155.2,176.0,65.41,74.8,Good
44,7,2024,26,18,76.11,70.09,163.3,176.0,79.29,79.4,Excellent
14,1,2024,22,5,18.07,24.17,114.6,176.0,25.47,29.1,Low Productivity
14,7,2024,16,8,58.07,42.24,126.8,176.0,61.55,51.6,Needs Improvement
2,5,2025,14,9,79.76,71.51,139.1,176.0,88.0,73.7,Good
37,6,2024,15,10,59.57,64.72,141.8,176.0,59.71,62.9,Good
5,10,2025,11,8,77.64,82.95,145.7,176.0,74.44,83.8,Excellent
38,11,2024,13,7,57.84,54.52,126.6,176.0,57.36,60.7,Good
45,11,2025,10,8,80.85,74.47,123.7,176.0,82.04,78.4,Excellent
41,1,2024,23,12,54.3,66.07,126.3,176.0,49.78,60.3,Good
47,8,2025,20,15,78.6,77.63,149.7,176.0,75.04,79.0,Excellent
14,11,2025,19,8,42.71,43.34,122.1,176.0,40.6,54.1,Needs Improvement
39,4,2024,11,10,92.61,96.86,171.0,176.0,87.12,93.2,Outstanding
25,1,2025,20,11,62.28,48.27,148.1,176.0,59.34,57.9,Needs Improvement
20,3,2025,9,7,82.7,70.5,138.6,176.0,86.37,76.6,Excellent
2,10,2024,20,12,56.4,66.05,112.3,176.0,60.37,65.1,Good
39,12,2024,5,4,94.47,97.82,169.8,176.0,87.45,90.8,Outstanding
6,1,2025,23,9,49.33,44.68,123.9,176.0,50.87,53.5,Needs Improvement
17,7,2025,9,6,76.68,81.29,131.3,176.0,76.34,76.2,Excellent
25,10,2024,11,10,86.37,81.15,149.7,176.0,91.63,81.1,Excellent
28,2,2025,23,14,59.71,61.22,126.7,176.0,58.36,66.3,Good
2,9,2024,26,17,57.06,63.64,139.2,176.0,50.86,66.4,Good
35,12,2025,9,4,52.36,63.55,145.8,176.0,49.93,63.4,Good
37,8,2024,21,6,34.03,32.65,89.5,176.0,28.04,33.3,Low Productivity
5,6,2025,26,8,28.04,39.71,109.6,176.0,16.76,42.7,Needs Improvement
1,7,2024,12,9,74.08,73.92,146.9,176.0,73.81,78.9,Excellent
40,4,2025,5,2,61.14,46.97,95.0,176.0,63.73,60.9,Good
12,12,2024,6,2,50.56,55.44,153.4,176.0,51.5,59.2,Needs Improvement
36,10,2024,19,18,96.5,99.39,162.5,176.0,90.08,96.6,Outstanding
45,7,2025,24,8,36.46,42.44,124.5,176.0,29.7,41.3,Needs Improvement
23,12,2024,22,11,47.38,51.2,97.1,176.0,48.47,47.2,Needs Improvement
47,6,2024,15,3,21.91,41.25,127.8,176.0,30.4,37.1,Low Productivity
31,6,2024,29,11,28.84,47.36,105.1,176.0,35.31,42.6,Needs Improvement
11,4,2025,14,12,93.27,90.19,118.6,176.0,91.8,91.5,Outstanding
10,8,2025,28,15,53.87,54.55,102.2,176.0,54.93,53.8,Needs Improvement
3,11,2024,28,21,75.11,78.66,124.3,176.0,79.67,79.3,Excellent
14,1,2024,8,6,76.91,68.28,130.3,176.0,76.19,74.0,Good
16,2,2025,9,4,46.41,43.63,98.6,176.0,39.69,53.7,Needs Improvement
10,3,2024,8,2,29.03,28.7,118.7,176.0,14.93,33.4,Low Productivity
29,8,2025,17,9,58.03,57.9,127.5,176.0,58.94,64.2,Good
10,7,2024,29,21,71.76,66.73,146.3,176.0,70.77,71.8,Good
12,6,2025,17,11,69.59,69.06,142.7,176.0,61.06,74.7,Good
30,5,2025,22,20,86.7,91.08,151.5,176.0,79.57,94.9,Outstanding
41,11,2025,28,26,93.54,94.77,131.9,176.0,92.22,89.3,Excellent
1,2,2024,6,4,75.07,87.71,118.1,176.0,72.34,73.7,Good
5,2,2024,20,10,50.76,63.65,101.9,176.0,57.92,53.3,Needs Improvement
20,7,2025,5,2,46.84,33.7,99.0,176.0,53.94,41.9,Needs Improvement
8,11,2024,23,20,79.65,89.77,177.5,176.0,75.4,82.8,Excellent
43,3,2025,13,6,46.85,46.84,97.0,176.0,54.37,48.7,Needs Improvement
12,9,2025,7,5,74.22,67.5,160.3,176.0,82.3,77.3,Excellent
1,11,2025,29,22,88.69,95.42,126.7,176.0,90.16,84.1,Excellent
20,2,2025,11,4,38.43,41.04,95.9,176.0,33.77,43.5,Needs Improvement
28,1,2025,14,9,70.23,66.13,142.2,176.0,70.83,68.5,Good
43,11,2025,5,2,55.63,66.92,141.3,176.0,45.0,60.7,Good
37,7,2025,14,6,48.12,55.56,93.9,176.0,45.19,51.8,Needs Improvement
47,3,2024,25,10,37.58,40.19,113.6,176.0,38.91,48.3,Needs Improvement
37,7,2024,13,8,63.6,72.1,150.6,176.0,65.53,66.5,Good
12,10,2024,19,8,33.49,43.78,130.2,176.0,31.27,48.9,Needs Improvement
37,6,2025,19,9,48.63,47.23,95.7,176.0,48.98,50.2,Needs Improvement
49,6,2025,7,3,42.0,42.64,116.2,176.0,36.91,46.6,Needs Improvement
49,9,2025,29,16,58.89,37.14,101.2,176.0,65.92,54.0,Needs Improvement
44,6,2024,9,8,85.85,77.72,156.9,176.0,93.09,88.4,Excellent
28,12,2024,13,6,43.97,38.87,120.6,176.0,47.52,47.2,Needs Improvement
47,5,2024,26,15,58.77,61.29,134.8,176.0,57.43,60.1,Good
15,10,2024,13,11,86.72,86.65,134.0,176.0,82.6,90.6,Outstanding
6,9,2025,27,13,52.97,57.3,108.4,176.0,57.2,56.7,Needs Improvement
44,10,2025,11,4,40.84,32.52,128.5,176.0,41.76,46.2,Needs Improvement
20,12,2025,28,15,54.69,69.52,139.6,176.0,49.68,61.5,Good
50,11,2025,27,18,60.65,81.14,159.2,176.0,65.95,71.8,Good
14,5,2024,16,7,55.77,48.81,140.1,176.0,53.53,58.0,Needs Improvement
2,11,2024,29,20,66.9,66.08,112.5,176.0,62.58,65.3,Good
9,11,2024,13,9,75.54,66.84,155.9,176.0,80.27,72.1,Good
37,5,2024,10,6,69.95,67.87,132.5,176.0,66.0,68.8,Good
20,3,2025,27,7,27.97,41.03,111.7,176.0,28.6,39.5,Low Productivity
26,2,2024,6,3,55.74,56.17,120.5,176.0,62.16,64.1,Good
29,11,2025,13,11,84.74,73.9,135.5,176.0,90.65,81.8,Excellent
1,2,2025,21,12,60.83,76.31,124.6,176.0,62.54,64.3,Good
35,1,2024,5,2,33.94,40.26,115.7,176.0,28.08,44.4,Needs Improvement
6,7,2024,23,7,33.08,44.84,110.9,176.0,30.59,46.0,Needs Improvement
37,9,2025,10,5,60.78,58.36,137.3,176.0,72.86,64.6,Good
5,12,2024,9,4,53.97,53.91,108.5,176.0,58.71,59.6,Needs Improvement
33,3,2025,6,2,39.9,47.79,95.2,176.0,38.75,47.8,Needs Improvement
49,12,2025,13,6,44.52,43.76,95.3,176.0,38.22,53.8,Needs Improvement
14,4,2024,18,10,56.81,53.55,121.4,176.0,47.31,58.7,Needs Improvement
12,6,2024,8,4,49.98,49.62,110.0,176.0,56.05,56.0,Needs Improvement
42,5,2024,8,5,72.62,66.76,129.7,176.0,78.79,67.5,Good
20,6,2025,25,8,39.48,38.16,107.4,176.0,39.29,42.2,Needs Improvement
50,10,2024,19,6,39.84,37.36,79.7,176.0,37.78,38.7,Low Productivity
24,7,2024,12,7,55.63,50.4,121.9,176.0,61.3,61.9,Good
43,10,2025,8,6,86.87,78.98,152.0,176.0,79.48,81.7,Excellent
34,4,2025,20,16,86.34,80.21,147.5,176.0,96.34,78.5,Excellent
25,5,2024,25,14,57.17,63.93,121.8,176.0,60.86,60.2,Good
50,2,2025,8,4,62.14,44.97,124.4,176.0,55.87,60.7,Good
29,11,2025,20,12,65.76,69.34,126.9,176.0,69.69,66.6,Good
39,3,2025,26,19,80.48,64.6,123.9,176.0,77.06,73.5,Good
31,10,2025,16,8,48.84,57.16,106.7,176.0,42.16,53.7,Needs Improvement
47,4,2024,20,18,86.73,99.21,192.5,176.0,90.64,98.8,Outstanding
43,4,2025,23,12,56.51,46.23,134.3,176.0,50.99,57.4,Needs Improvement
50,12,2025,12,3,38.13,34.2,122.0,176.0,31.44,41.0,Needs Improvement
23,12,2025,10,6,64.92,61.16,139.2,176.0,67.34,70.0,Good
44,1,2025,14,10,69.82,66.75,160.5,176.0,69.31,79.7,Excellent
38,12,2024,9,6,80.68,62.0,146.0,176.0,85.74,77.4,Excellent
20,8,2025,22,10,47.61,43.42,87.7,176.0,46.11,46.5,Needs Improvement
23,5,2024,14,12,85.67,83.77,139.6,176.0,83.72,83.7,Excellent
45,11,2024,14,11,77.33,79.56,148.5,176.0,67.15,77.9,Excellent
16,12,2025,11,4,33.64,36.89,115.4,176.0,36.16,38.7,Low Productivity
50,7,2025,22,7,23.12,37.74,109.5,176.0,23.03,35.7,Low Productivity
42,6,2025,5,2,53.01,60.06,106.1,176.0,58.95,53.9,Needs Improvement
8,7,2025,11,2,17.94,13.48,92.1,176.0,21.74,22.6,Low Productivity
50,2,2025,25,22,90.86,87.28,155.1,176.0,92.52,84.3,Excellent
21,11,2025,5,3,66.32,53.8,129.7,176.0,62.67,59.0,Needs Improvement
1,11,2024,19,6,35.3,24.74,118.4,176.0,33.23,38.2,Low Productivity
8,5,2025,8,5,66.96,54.19,117.3,176.0,69.7,64.9,Good
29,7,2025,24,9,33.65,28.21,120.4,176.0,33.39,43.0,Needs Improvement
32,9,2025,14,10,78.89,70.51,131.1,176.0,85.98,72.9,Good
38,4,2024,27,20,84.77,78.18,134.7,176.0,91.35,77.0,Excellent
5,1,2025,13,8,75.47,71.54,133.9,176.0,74.21,73.2,Good
47,9,2025,6,4,63.14,61.37,109.9,176.0,63.6,65.5,Good
22,7,2024,18,13,73.52,64.68,141.0,176.0,69.55,74.5,Good
47,2,2024,20,11,53.67,57.0,142.9,176.0,53.16,57.6,Needs Improvement
34,9,2024,5,4,87.99,86.53,133.7,176.0,92.74,91.1,Outstanding
1,10,2024,6,4,76.5,83.49,169.0,176.0,73.78,84.0,Excellent
26,12,2024,11,7,74.94,55.23,121.6,176.0,73.11,67.3,Good
43,4,2025,14,11,80.67,65.27,152.9,176.0,74.82,74.7,Good
10,3,2024,26,20,75.64,82.77,122.4,176.0,72.83,73.7,Good
30,4,2024,24,9,41.33,24.72,144.3,176.0,44.4,42.7,Needs Improvement
50,7,2024,5,1,32.84,27.84,95.6,176.0,31.63,40.4,Needs Improvement
18,9,2024,17,6,32.89,31.12,112.3,176.0,27.14,36.4,Low Productivity
17,12,2025,5,2,46.55,39.34,105.3,176.0,47.61,47.0,Needs Improvement
26,10,2024,9,6,69.22,73.09,133.9,176.0,68.96,75.6,Excellent
8,10,2025,20,19,100.0,88.51,159.0,176.0,100.0,91.9,Outstanding
47,7,2024,19,11,60.1,69.31,122.1,176.0,59.42,61.0,Good
40,11,2024,21,12,54.79,48.89,118.6,176.0,49.81,55.8,Needs Improvement
49,5,2025,27,19,64.66,69.61,137.4,176.0,69.48,70.9,Good
12,2,2025,20,14,77.11,78.74,136.6,176.0,72.26,78.7,Excellent
27,8,2025,17,8,45.79,58.06,125.7,176.0,39.28,58.8,Needs Improvement
8,5,2025,15,7,45.95,27.96,128.5,176.0,40.75,51.2,Needs Improvement
25,8,2025,21,13,62.15,86.39,143.9,176.0,59.1,67.2,Good
46,3,2024,21,10,53.98,46.42,127.6,176.0,44.53,53.5,Needs Improvement
4,9,2024,6,3,50.85,54.91,124.1,176.0,42.21,53.8,Needs Improvement
33,10,2025,17,9,50.43,51.97,119.9,176.0,54.33,57.0,Needs Improvement
1,12,2025,18,14,88.88,99.9,123.3,176.0,88.02,88.4,Excellent
19,8,2025,15,8,59.81,64.91,126.0,176.0,58.98,60.1,Good
31,8,2025,14,6,55.58,64.11,134.2,176.0,55.3,64.7,Good
16,7,2025,7,4,74.47,71.5,122.7,176.0,77.29,67.7,Good
14,12,2024,21,13,71.48,73.48,122.9,176.0,67.38,71.4,Good
48,2,2024,19,13,66.57,61.97,155.8,176.0,69.38,77.6,Excellent
5,12,2025,13,6,54.91,49.5,145.8,176.0,55.47,60.7,Good
41,6,2025,14,5,45.4,46.63,98.9,176.0,40.61,47.5,Needs Improvement
26,9,2025,12,5,58.33,51.6,157.5,176.0,61.37,59.1,Needs Improvement
28,6,2025,25,17,69.16,69.15,140.9,176.0,69.45,72.9,Good
2,7,2025,17,11,67.32,63.58,149.7,176.0,62.09,69.1,Good
50,7,2024,22,9,38.88,52.62,109.4,176.0,34.02,51.9,Needs Improvement
6,2,2024,9,4,58.02,62.33,126.4,176.0,60.42,58.0,Needs Improvement
9,3,2025,10,3,34.46,46.13,116.6,176.0,39.54,44.2,Needs Improvement
33,4,2024,21,8,41.49,43.29,99.3,176.0,42.9,42.2,Needs Improvement
41,5,2024,15,11,72.07,76.55,166.0,176.0,76.51,78.1,Excellent
25,12,2025,24,19,82.21,91.99,145.8,176.0,88.37,83.7,Excellent
48,11,2024,20,5,32.14,37.44,96.5,176.0,31.02,31.2,Low Productivity
13,1,2024,13,7,58.89,50.41,108.7,176.0,59.72,57.0,Needs Improvement
9,1,2024,6,4,70.52,69.36,141.9,176.0,73.86,69.5,Good
13,4,2024,9,7,75.42,87.56,149.7,176.0,69.69,78.9,Excellent
31,11,2025,5,1,29.78,24.98,89.7,176.0,34.95,31.0,Low Productivity
41,5,2024,8,5,66.04,75.62,136.8,176.0,72.86,72.7,Good
11,7,2024,8,5,66.08,76.73,144.1,176.0,62.38,68.3,Good
4,11,2025,26,10,35.75,36.16,105.7,176.0,50.1,41.5,Needs Improvement
34,12,2025,29,20,65.42,59.04,141.5,176.0,69.39,71.8,Good
38,4,2025,7,4,70.97,73.91,135.5,176.0,70.21,71.0,Good
46,12,2024,13,7,60.5,74.21,123.5,176.0,50.11,69.5,Good
4,7,2024,26,8,36.52,34.18,91.3,176.0,36.06,40.7,Needs Improvement
38,7,2024,27,23,87.31,90.8,151.5,176.0,89.42,88.5,Excellent
19,9,2025,16,13,85.96,75.84,117.0,176.0,87.49,79.2,Excellent
6,10,2024,14,4,34.78,34.0,129.1,176.0,28.22,42.2,Needs Improvement
34,3,2024,6,2,41.0,36.73,127.9,176.0,37.69,46.6,Needs Improvement
18,11,2025,15,9,54.13,57.57,116.4,176.0,57.53,67.1,Good
13,8,2024,14,10,76.98,80.8,120.2,176.0,79.95,77.8,Excellent
41,4,2024,26,10,40.76,42.39,128.9,176.0,45.47,51.6,Needs Improvement
23,11,2025,10,5,61.16,49.85,119.3,176.0,61.75,53.0,Needs Improvement
19,6,2024,22,12,52.41,57.87,127.3,176.0,52.25,58.1,Needs Improvement
45,10,2025,6,4,73.67,95.83,143.9,176.0,76.23,82.9,Excellent
11,7,2024,6,3,41.09,47.48,102.2,176.0,41.56,54.1,Needs Improvement
1,3,2025,14,9,63.06,60.97,147.8,176.0,55.41,63.8,Good
24,3,2024,20,13,68.3,59.81,142.0,176.0,75.9,78.0,Excellent
7,4,2025,16,8,48.9,54.52,122.3,176.0,53.51,55.7,Needs Improvement
25,2,2024,5,4,84.54,67.91,116.6,176.0,86.66,81.6,Excellent
21,4,2024,25,17,69.06,64.87,142.7,176.0,62.22,70.3,Good
15,2,2024,12,4,43.79,33.13,118.4,176.0,47.98,42.4,Needs Improvement
1,7,2024,20,15,79.89,79.37,142.4,176.0,77.69,85.1,Excellent
12,7,2024,22,13,59.5,58.94,142.0,176.0,63.65,63.0,Good
7,9,2025,17,10,63.16,63.9,145.8,176.0,65.89,64.4,Good
15,1,2024,19,5,19.16,33.25,107.7,176.0,17.46,35.5,Low Productivity
21,10,2024,25,17,69.76,78.25,112.6,176.0,75.02,72.3,Good
19,3,2024,16,14,87.24,84.79,131.1,176.0,81.28,85.2,Excellent
29,5,2024,12,6,52.0,46.7,111.2,176.0,52.28,54.2,Needs Improvement
25,1,2024,14,7,48.21,57.95,117.2,176.0,56.5,56.5,Needs Improvement
33,3,2025,18,11,64.31,52.06,144.9,176.0,66.74,68.9,Good
49,7,2024,9,8,99.52,100.0,162.9,176.0,100.0,97.7,Outstanding
32,7,2025,22,16,84.99,78.08,139.1,176.0,85.38,77.3,Excellent
49,3,2025,23,14,56.5,68.55,141.4,176.0,56.39,69.4,Good
35,7,2024,19,8,47.03,47.09,103.7,176.0,40.93,41.0,Needs Improvement
44,3,2025,10,4,49.01,44.02,123.7,176.0,48.24,51.7,Needs Improvement
38,10,2025,15,11,69.2,76.97,143.9,176.0,72.57,80.4,Excellent
26,2,2024,25,9,35.96,27.97,117.3,176.0,30.49,42.7,Needs Improvement
11,2,2025,15,5,35.09,28.5,119.7,176.0,30.27,34.8,Low Productivity
35,6,2025,24,7,42.89,47.07,105.6,176.0,44.99,48.2,Needs Improvement
8,9,2025,24,10,55.16,49.67,85.6,176.0,59.29,47.0,Needs Improvement
46,3,2025,25,17,62.68,77.51,125.3,176.0,72.75,70.9,Good
14,10,2024,22,10,48.13,46.87,131.4,176.0,46.76,57.5,Needs Improvement
10,3,2025,29,16,58.38,58.02,117.4,176.0,57.14,57.8,Needs Improvement
2,1,2025,22,6,32.59,34.02,93.9,176.0,36.74,36.5,Low Productivity
46,8,2024,14,12,90.81,99.46,152.8,176.0,93.67,87.9,Excellent
9,7,2025,6,5,85.75,89.27,168.8,176.0,84.46,89.8,Excellent
3,8,2024,13,6,48.27,57.04,129.5,176.0,48.12,53.8,Needs Improvement
21,11,2024,18,11,53.58,66.97,155.1,176.0,50.44,68.0,Good
26,3,2025,23,15,55.79,73.38,138.7,176.0,50.01,64.0,Good
8,2,2024,14,11,73.22,79.43,150.3,176.0,72.54,79.7,Excellent
48,1,2025,27,20,80.97,85.41,136.6,176.0,88.58,77.7,Excellent
2,9,2024,8,4,61.24,46.31,102.9,176.0,57.64,53.6,Needs Improvement
6,9,2024,10,5,54.5,42.7,123.6,176.0,47.32,57.0,Needs Improvement
28,12,2024,18,7,38.84,43.79,112.6,176.0,33.82,42.3,Needs Improvement
29,11,2024,8,5,62.78,66.62,140.3,176.0,65.43,65.6,Good
26,11,2024,19,10,52.02,51.49,127.3,176.0,54.17,57.0,Needs Improvement
25,10,2025,20,12,52.41,56.81,132.3,176.0,58.77,62.8,Good
12,10,2025,11,3,35.48,28.81,122.8,176.0,40.78,34.1,Low Productivity
5,7,2025,21,10,54.74,43.28,116.5,176.0,56.22,52.1,Needs Improvement
34,9,2025,23,10,39.08,44.47,128.4,176.0,42.33,51.5,Needs Improvement
48,2,2025,23,17,70.22,63.53,160.1,176.0,66.47,79.7,Excellent
37,2,2024,21,13,66.72,74.02,123.7,176.0,70.17,68.7,Good
15,8,2025,10,4,46.15,47.49,109.4,176.0,45.6,44.9,Needs Improvement
44,12,2025,15,6,50.2,56.88,105.7,176.0,54.45,52.5,Needs Improvement
36,9,2024,20,13,73.4,67.62,112.7,176.0,75.5,66.2,Good
15,8,2025,29,17,55.82,60.81,156.5,176.0,53.45,66.6,Good
43,1,2025,12,7,58.47,59.89,174.9,176.0,52.97,72.7,Good
48,4,2024,15,9,60.07,59.48,135.2,176.0,57.57,61.5,Good
23,7,2025,11,8,73.37,68.07,137.5,176.0,74.29,77.9,Excellent
6,4,2024,28,14,49.38,43.65,147.3,176.0,45.3,58.3,Needs Improvement
46,9,2025,26,9,45.39,34.77,119.6,176.0,44.62,46.7,Needs Improvement
50,9,2024,29,20,75.88,63.29,125.0,176.0,81.32,70.6,Good
44,3,2024,23,12,53.52,64.68,109.9,176.0,59.39,64.5,Good
43,4,2025,14,10,61.16,66.29,149.8,176.0,63.55,74.9,Good
45,10,2024,13,10,83.87,85.05,151.3,176.0,90.69,82.1,Excellent
21,1,2024,8,4,59.99,62.82,143.3,176.0,53.66,64.5,Good
23,12,2024,27,13,46.91,61.48,131.8,176.0,53.4,54.5,Needs Improvement
43,9,2025,19,4,29.06,30.36,81.6,176.0,22.26,35.6,Low Productivity
16,6,2025,17,6,35.09,38.46,100.3,176.0,35.14,42.1,Needs Improvement
47,12,2024,29,12,47.63,57.14,101.6,176.0,43.56,44.8,Needs Improvement
15,3,2025,6,3,65.07,53.91,134.3,176.0,68.76,56.7,Needs Improvement
25,8,2024,6,5,80.37,80.15,148.3,176.0,72.54,82.0,Excellent
36,3,2025,20,7,35.51,39.08,103.0,176.0,26.69,39.1,Low Productivity
11,5,2025,13,8,63.86,63.82,125.8,176.0,60.59,63.8,Good
15,6,2025,17,9,55.33,60.36,133.2,176.0,51.7,59.5,Needs Improvement
4,1,2025,7,2,44.67,40.79,108.9,176.0,41.81,49.2,Needs Improvement
21,11,2024,13,9,78.51,75.67,128.0,176.0,75.14,78.9,Excellent
13,6,2025,17,13,79.55,88.71,125.0,176.0,82.99,87.3,Excellent
22,2,2024,25,16,70.15,68.48,120.3,176.0,69.73,73.5,Good
19,6,2025,26,18,78.8,76.2,152.6,176.0,86.55,78.8,Excellent
34,4,2025,6,3,59.58,58.63,121.7,176.0,60.74,58.8,Needs Improvement
14,6,2024,12,6,52.38,49.9,151.5,176.0,56.79,62.0,Good
4,11,2024,13,10,71.73,87.06,153.5,176.0,74.63,76.8,Excellent
48,6,2025,20,7,36.45,40.58,99.4,176.0,31.96,43.6,Needs Improvement
46,12,2024,6,2,45.02,45.34,106.0,176.0,42.41,43.3,Needs Improvement
27,9,2024,10,2,13.12,18.15,67.3,176.0,18.09,28.9,Low Productivity
29,12,2025,26,15,63.48,58.02,122.4,176.0,54.6,63.7,Good
47,2,2025,12,7,62.86,67.51,161.4,176.0,65.29,70.0,Good
28,5,2025,9,5,59.27,57.18,152.2,176.0,58.38,62.9,Good
35,4,2024,13,7,53.28,52.23,151.4,176.0,49.56,61.5,Good
8,11,2025,5,2,46.82,40.53,127.0,176.0,45.49,48.3,Needs Improvement
16,3,2024,13,6,56.62,43.13,115.9,176.0,64.72,51.2,Needs Improvement
42,9,2025,14,8,59.93,59.22,131.0,176.0,51.31,57.3,Needs Improvement
36,8,2024,27,12,34.04,42.89,124.3,176.0,27.94,44.7,Needs Improvement
30,12,2024,8,2,43.48,49.95,109.7,176.0,33.79,43.3,Needs Improvement
18,9,2025,7,4,61.12,65.8,114.9,176.0,58.93,63.7,Good
2,5,2025,14,6,46.7,48.6,115.9,176.0,43.58,50.9,Needs Improvement
49,7,2025,19,12,70.46,82.52,113.8,176.0,71.26,73.9,Good
13,6,2024,15,12,86.19,84.86,157.5,176.0,83.79,85.1,Excellent
4,7,2025,18,9,59.31,54.9,107.2,176.0,61.57,56.0,Needs Improvement
26,9,2024,10,7,79.46,78.34,149.1,176.0,75.53,72.8,Good
25,8,2024,16,5,29.92,35.98,89.6,176.0,40.41,39.2,Low Productivity
30,5,2025,17,6,48.22,34.77,110.1,176.0,51.29,48.9,Needs Improvement
11,2,2025,21,8,50.84,39.31,117.5,176.0,53.42,49.9,Needs Improvement
7,11,2024,20,12,67.58,56.53,128.0,176.0,70.71,61.6,Good
31,3,2024,7,4,70.37,71.59,144.3,176.0,65.14,73.9,Good
44,8,2024,6,2,42.72,47.02,124.3,176.0,41.49,51.4,Needs Improvement
10,5,2025,15,13,93.53,75.05,145.8,176.0,92.51,79.7,Excellent
39,6,2025,13,10,80.43,82.6,133.9,176.0,78.07,83.2,Excellent
13,10,2024,7,3,53.74,55.6,113.2,176.0,52.0,53.2,Needs Improvement
31,12,2025,22,12,62.06,72.19,114.8,176.0,66.2,65.7,Good
7,6,2024,24,14,62.38,69.36,161.0,176.0,62.09,69.9,Good
49,11,2024,19,10,56.66,62.81,113.7,176.0,58.15,62.9,Good
42,10,2025,18,4,31.57,17.36,117.5,176.0,23.12,30.6,Low Productivity
42,3,2025,6,3,50.85,66.46,128.5,176.0,42.11,60.0,Needs Improvement
36,1,2025,21,5,18.88,22.45,93.9,176.0,14.16,30.5,Low Productivity
20,5,2025,26,23,85.72,84.74,155.1,176.0,93.91,85.8,Excellent
4,1,2025,12,8,82.36,53.9,141.9,176.0,92.41,75.8,Excellent
7,11,2024,14,6,52.57,59.91,93.2,176.0,57.48,51.1,Needs Improvement
1,11,2025,22,19,91.26,85.36,148.9,176.0,89.29,89.0,Excellent
44,5,2025,29,26,97.14,90.52,153.3,176.0,99.28,91.5,Outstanding
45,7,2024,23,10,40.52,48.33,111.7,176.0,46.84,46.9,Needs Improvement
42,5,2025,12,8,63.37,88.46,107.0,176.0,72.64,76.6,Excellent
47,10,2025,12,9,78.32,76.83,137.9,176.0,72.57,74.9,Good
13,3,2025,7,3,58.6,53.99,147.5,176.0,59.63,62.5,Good
22,5,2025,7,2,29.81,38.55,112.9,176.0,28.2,31.7,Low Productivity
21,12,2025,16,9,52.65,57.26,111.8,176.0,55.58,59.3,Needs Improvement
22,9,2024,26,16,58.09,55.97,143.5,176.0,58.36,67.5,Good
28,5,2025,21,15,66.97,55.36,121.7,176.0,61.97,66.1,Good
9,3,2024,8,3,40.58,54.33,118.9,176.0,42.55,51.1,Needs Improvement
26,4,2025,21,10,41.86,49.57,122.3,176.0,38.38,56.5,Needs Improvement
9,6,2024,18,5,30.29,33.92,98.1,176.0,30.11,39.2,Low Productivity
15,4,2025,23,15,65.84,64.68,150.5,176.0,65.9,63.8,Good
10,7,2024,13,10,86.31,88.58,157.8,176.0,94.75,84.8,Excellent
24,10,2024,25,17,65.02,65.24,124.3,176.0,66.63,67.0,Good
42,6,2025,16,5,33.27,33.29,101.2,176.0,32.82,38.6,Low Productivity
8,10,2024,9,3,42.95,44.0,101.7,176.0,46.57,46.0,Needs Improvement
24,9,2025,15,8,55.86,62.91,114.5,176.0,51.43,57.2,Needs Improvement
16,10,2024,24,19,82.12,84.61,153.3,176.0,82.62,81.0,Excellent
49,6,2025,7,6,97.27,89.04,155.0,176.0,100.0,87.9,Excellent
26,1,2025,25,9,44.12,44.78,127.4,176.0,47.06,45.5,Needs Improvement
27,10,2025,19,12,69.79,64.14,110.0,176.0,67.14,68.5,Good
37,6,2024,18,13,74.86,66.87,142.8,176.0,76.68,70.5,Good
4,5,2025,15,4,27.18,34.92,116.9,176.0,30.58,35.7,Low Productivity
50,2,2025,24,9,45.52,42.82,114.5,176.0,40.99,42.9,Needs Improvement
24,6,2025,12,10,81.36,75.27,127.4,176.0,78.34,80.4,Excellent
19,12,2024,8,2,25.2,22.53,85.6,176.0,23.58,32.6,Low Productivity
36,7,2025,16,5,29.93,40.2,121.0,176.0,41.58,45.3,Needs Improvement
39,7,2024,12,10,86.42,93.94,144.7,176.0,82.68,87.8,Excellent
10,1,2024,10,6,60.71,65.74,118.1,176.0,62.34,63.6,Good
25,9,2024,19,7,36.57,52.5,105.1,176.0,34.81,45.7,Needs Improvement
18,2,2025,16,7,43.97,56.01,114.6,176.0,39.28,51.4,Needs Improvement
19,6,2025,20,13,67.65,66.61,151.8,176.0,71.14,72.1,Good
36,7,2025,20,15,77.9,73.89,115.5,176.0,70.85,77.6,Excellent
10,10,2024,25,20,78.43,75.71,153.6,176.0,85.64,83.5,Excellent
33,2,2024,24,8,46.77,31.64,130.2,176.0,41.57,43.9,Needs Improvement
50,5,2025,24,14,60.79,46.34,141.5,176.0,57.46,58.9,Needs Improvement
5,10,2025,8,3,44.62,34.3,150.1,176.0,47.48,46.5,Needs Improvement
47,6,2025,15,5,34.7,43.35,103.6,176.0,38.47,37.7,Low Productivity
49,10,2025,17,9,57.05,68.64,138.5,176.0,58.22,65.7,Good
35,10,2024,13,8,67.05,66.29,131.4,176.0,64.38,68.0,Good
44,7,2024,8,3,43.66,38.06,107.2,176.0,35.7,45.7,Needs Improvement
34,3,2024,16,6,49.03,14.7,80.2,176.0,48.58,44.6,Needs Improvement
33,4,2024,13,6,43.12,65.26,114.3,176.0,38.87,60.8,Good
21,9,2024,17,14,81.68,72.88,162.8,176.0,93.74,82.4,Excellent
17,8,2024,20,11,61.54,46.19,100.6,176.0,62.2,56.2,Needs Improvement
22,6,2025,10,3,35.14,37.24,143.2,176.0,28.69,43.1,Needs Improvement
48,3,2024,14,11,72.12,79.51,150.0,176.0,70.46,81.2,Excellent
37,11,2025,17,9,51.96,54.63,107.1,176.0,55.75,56.0,Needs Improvement
15,9,2024,11,6,64.26,52.2,130.7,176.0,70.07,58.8,Needs Improvement
35,3,2025,23,13,55.08,62.77,137.9,176.0,53.54,63.9,Good
28,9,2024,28,11,37.59,35.2,104.2,176.0,37.0,45.1,Needs Improvement
7,9,2024,23,8,39.99,33.91,100.9,176.0,42.82,47.4,Needs Improvement
32,1,2025,21,5,23.19,23.85,130.5,176.0,18.51,30.0,Low Productivity
11,3,2025,17,4,22.26,19.04,94.5,176.0,23.99,25.1,Low Productivity
10,8,2025,17,12,68.45,61.68,135.2,176.0,69.88,69.3,Good
9,3,2024,25,12,47.28,40.61,139.9,176.0,49.95,53.7,Needs Improvement
14,1,2025,6,1,15.11,12.09,95.7,176.0,14.92,29.3,Low Productivity
13,8,2025,14,12,89.06,94.0,163.7,176.0,81.24,95.2,Outstanding
25,2,2024,26,22,91.0,88.87,141.5,176.0,92.14,80.3,Excellent
2,12,2025,17,9,61.58,51.51,112.5,176.0,57.2,55.5,Needs Improvement
35,10,2025,13,10,88.16,80.16,151.2,176.0,96.79,79.0,Excellent
7,8,2025,5,4,81.47,90.12,129.9,176.0,90.24,77.9,Excellent
21,1,2024,18,11,71.97,67.79,137.0,176.0,66.24,70.9,Good
18,4,2024,20,7,49.61,50.61,96.7,176.0,45.33,47.3,Needs Improvement
3,8,2025,24,13,58.55,53.02,132.1,176.0,47.01,65.1,Good
42,12,2024,19,9,46.37,42.0,139.6,176.0,50.04,49.4,Needs Improvement
39,6,2025,5,2,50.76,52.18,85.5,176.0,47.9,48.3,Needs Improvement
41,2,2024,21,14,63.08,68.93,129.1,176.0,64.43,67.1,Good
49,8,2024,28,21,71.53,69.54,111.4,176.0,68.84,75.7,Excellent
11,6,2025,17,10,52.85,67.18,126.2,176.0,44.84,61.2,Good
39,9,2025,19,6,36.32,27.04,111.2,176.0,37.37,38.7,Low Productivity
24,6,2024,20,7,27.74,44.83,106.4,176.0,34.18,38.4,Low Productivity
46,2,2025,20,18,95.31,94.23,120.2,176.0,95.17,92.2,Outstanding
19,9,2024,6,1,36.39,25.53,115.4,176.0,31.25,41.9,Needs Improvement
4,2,2025,21,12,69.2,47.06,106.5,176.0,68.45,56.8,Needs Improvement
26,6,2025,15,7,43.52,42.47,132.4,176.0,46.09,49.4,Needs Improvement
38,6,2024,12,7,56.68,78.14,121.6,176.0,55.67,68.6,Good
42,12,2025,24,18,72.54,89.72,127.5,176.0,67.05,75.5,Excellent
32,4,2024,7,4,74.31,90.66,136.1,176.0,84.41,80.9,Excellent
39,9,2024,16,12,85.99,83.18,160.0,176.0,78.43,85.5,Excellent
45,11,2025,24,16,72.15,60.1,164.4,176.0,83.52,76.0,Excellent
46,5,2025,20,13,67.93,76.0,126.1,176.0,67.46,66.5,Good
36,6,2024,18,13,84.47,70.55,118.6,176.0,88.96,69.3,Good
40,9,2024,20,16,79.74,76.68,150.9,176.0,80.82,82.1,Excellent
37,9,2024,25,15,56.53,63.1,108.2,176.0,52.14,65.6,Good
33,5,2024,21,17,76.1,97.22,156.8,176.0,82.74,83.3,Excellent
36,11,2025,15,11,81.79,78.79,150.4,176.0,84.87,82.4,Excellent
3,12,2025,21,8,37.48,38.52,131.0,176.0,37.0,43.5,Needs Improvement
9,2,2025,23,9,45.3,28.92,128.7,176.0,48.94,48.5,Needs Improvement
8,2,2025,26,18,68.34,71.46,138.6,176.0,67.66,69.3,Good
33,7,2024,5,4,88.91,91.09,149.1,176.0,77.91,88.3,Excellent
6,12,2024,16,7,45.7,46.92,104.8,176.0,37.15,52.8,Needs Improvement
41,8,2025,19,11,60.45,61.16,115.4,176.0,60.34,57.9,Needs Improvement
39,1,2025,22,15,70.51,72.65,136.1,176.0,68.92,74.3,Good
4,6,2025,27,6,16.04,16.14,83.5,176.0,15.59,24.2,Low Productivity
13,8,2025,18,12,67.9,50.37,130.9,176.0,66.19,67.6,Good
49,12,2025,5,2,47.87,44.24,109.0,176.0,42.27,49.9,Needs Improvement
2,7,2024,17,10,56.98,60.12,138.4,176.0,50.07,62.6,Good
5,4,2024,19,5,38.44,33.45,102.8,176.0,34.21,37.6,Low Productivity
44,8,2025,11,4,43.23,62.38,129.5,176.0,47.0,48.6,Needs Improvement
27,1,2024,19,12,62.39,75.89,127.9,176.0,58.3,71.5,Good
32,3,2025,24,13,53.89,40.72,108.2,176.0,59.1,59.0,Needs Improvement
21,6,2024,14,6,55.13,68.44,126.9,176.0,49.95,57.8,Needs Improvement
8,1,2025,18,10,55.0,64.44,125.4,176.0,60.93,61.9,Good
38,5,2024,10,7,72.0,68.4,132.4,176.0,69.43,75.9,Excellent
8,3,2025,18,11,66.69,74.09,123.5,176.0,65.15,62.3,Good
50,1,2024,28,10,41.35,18.16,110.7,176.0,39.86,40.4,Needs Improvement
3,5,2025,29,9,31.42,29.88,103.3,176.0,34.33,42.5,Needs Improvement
44,7,2024,26,19,80.66,78.04,148.9,176.0,81.92,77.4,Excellent
3,3,2024,16,10,64.82,64.58,142.3,176.0,65.51,66.1,Good
22,7,2025,15,10,59.6,80.31,129.0,176.0,59.19,74.5,Good
6,5,2024,29,15,58.35,61.68,151.8,176.0,55.5,59.3,Needs Improvement
2,11,2025,24,17,69.67,78.19,129.6,176.0,75.15,76.3,Excellent
23,2,2025,26,18,68.63,67.29,135.9,176.0,69.06,71.4,Good
44,8,2024,28,14,51.78,57.92,95.9,176.0,54.65,56.7,Needs Improvement
2,8,2024,29,21,73.04,70.91,139.0,176.0,74.04,74.2,Good
38,6,2024,23,8,40.47,42.86,106.3,176.0,38.36,48.3,Needs Improvement
17,9,2025,6,4,73.18,72.86,142.2,176.0,85.15,75.4,Excellent
35,3,2025,26,21,79.52,84.75,160.6,176.0,85.67,79.8,Excellent
34,9,2024,24,15,69.98,52.21,156.3,176.0,67.28,62.5,Good
23,3,2025,5,2,48.9,57.06,135.6,176.0,59.16,53.3,Needs Improvement
30,10,2025,12,10,83.44,85.16,149.4,176.0,88.07,88.0,Excellent
8,2,2025,29,15,52.36,41.02,124.5,176.0,46.9,50.8,Needs Improvement
22,3,2025,18,6,36.99,27.27,130.8,176.0,41.4,41.3,Needs Improvement
44,12,2025,13,9,68.56,74.03,126.2,176.0,70.64,73.6,Good
36,7,2024,6,4,86.7,71.13,154.5,176.0,87.53,77.8,Excellent
5,7,2025,29,13,55.08,51.89,103.6,176.0,60.15,52.4,Needs Improvement
13,2,2024,27,14,56.13,53.3,141.6,176.0,57.83,62.9,Good
29,4,2025,9,5,56.15,64.63,123.7,176.0,46.1,61.6,Good
31,3,2025,27,19,71.68,69.3,124.1,176.0,64.91,73.6,Good
47,11,2024,29,24,90.18,91.45,138.7,176.0,85.9,85.5,Excellent
16,9,2024,12,5,49.35,47.16,110.2,176.0,59.33,51.5,Needs Improvement
42,5,2024,20,9,50.29,47.02,133.6,176.0,53.55,54.5,Needs Improvement
30,1,2025,26,10,47.88,32.65,132.9,176.0,50.59,50.4,Needs Improvement
16,12,2024,20,18,97.71,92.6,147.6,176.0,98.25,93.0,Outstanding
12,12,2024,17,11,62.57,73.26,120.8,176.0,57.97,66.2,Good
17,1,2024,24,12,56.16,46.22,151.8,176.0,48.89,59.6,Needs Improvement
16,2,2024,19,9,53.9,48.04,130.8,176.0,58.88,51.6,Needs Improvement
12,6,2025,5,1,40.89,35.08,100.0,176.0,49.2,43.3,Needs Improvement
8,1,2025,26,23,91.63,100.0,156.3,176.0,95.02,92.0,Outstanding
20,9,2025,7,4,56.24,60.28,120.0,176.0,53.79,60.6,Good
3,10,2024,10,4,41.05,47.79,98.4,176.0,39.0,47.7,Needs Improvement
16,8,2025,26,21,91.13,77.8,140.7,176.0,94.59,80.4,Excellent
30,12,2024,18,9,43.49,57.26,99.6,176.0,42.91,49.7,Needs Improvement
45,5,2024,8,5,74.87,66.46,126.0,176.0,74.08,72.4,Good
23,3,2024,22,9,41.11,40.91,107.3,176.0,38.42,50.8,Needs Improvement
28,6,2025,19,9,58.4,51.57,113.6,176.0,55.08,56.6,Needs Improvement
40,5,2024,13,7,57.67,48.71,139.7,176.0,57.07,59.8,Needs Improvement
5,12,2024,22,12,62.21,69.49,132.1,176.0,54.29,61.3,Good
20,6,2024,7,3,46.02,51.13,105.4,176.0,49.11,44.0,Needs Improvement
40,11,2025,14,11,77.57,80.99,149.6,176.0,68.24,76.3,Excellent
44,8,2025,21,12,62.15,60.66,148.8,176.0,67.48,67.6,Good
1,3,2025,11,6,57.31,50.97,114.0,176.0,54.67,52.1,Needs Improvement
30,7,2025,19,10,59.41,44.38,105.2,176.0,58.81,56.6,Needs Improvement
21,5,2024,5,4,83.76,76.0,130.2,176.0,86.55,76.3,Excellent
20,1,2024,29,20,72.44,80.16,142.5,176.0,71.0,76.0,Excellent
6,11,2024,15,6,35.47,37.5,134.8,176.0,31.78,44.8,Needs Improvement
22,7,2024,21,14,64.95,80.0,149.8,176.0,66.38,71.8,Good
18,5,2025,9,4,46.14,45.55,135.9,176.0,57.13,47.9,Needs Improvement
8,1,2024,11,9,90.47,82.61,118.7,176.0,94.4,78.4,Excellent
39,11,2024,23,13,53.41,52.79,114.4,176.0,49.62,54.2,Needs Improvement
32,11,2024,29,20,74.88,74.0,120.9,176.0,73.12,79.1,Excellent
33,11,2024,28,16,61.72,45.69,135.3,176.0,59.34,63.6,Good
16,1,2024,19,6,32.89,25.98,102.7,176.0,27.73,36.5,Low Productivity
12,9,2025,7,3,50.47,46.77,75.3,176.0,53.47,46.9,Needs Improvement
38,8,2024,19,11,56.76,69.66,141.9,176.0,55.13,65.2,Good
34,2,2025,9,6,66.39,75.08,155.8,176.0,67.98,75.6,Excellent
14,2,2025,27,22,85.5,85.02,177.0,176.0,72.42,86.0,Excellent
36,4,2024,16,6,36.1,43.95,114.7,176.0,39.55,43.6,Needs Improvement
33,3,2025,24,11,44.91,56.98,128.2,176.0,41.95,56.3,Needs Improvement
23,1,2024,9,8,99.67,98.68,141.5,176.0,94.64,92.0,Outstanding
50,9,2024,7,1,37.07,18.6,76.9,176.0,30.38,22.8,Low Productivity
45,5,2025,13,8,59.7,63.2,148.0,176.0,55.11,64.4,Good
2,7,2024,13,4,45.87,28.9,116.7,176.0,43.73,46.5,Needs Improvement
41,9,2025,11,3,34.99,18.82,127.0,176.0,39.43,33.6,Low Productivity
21,12,2025,6,4,83.59,82.28,140.8,176.0,81.37,77.8,Excellent
2,1,2025,27,16,66.83,66.17,165.2,176.0,71.74,68.5,Good
27,11,2024,27,19,77.86,75.47,142.9,176.0,79.32,71.3,Good
9,1,2024,25,10,43.44,45.78,102.1,176.0,52.53,50.9,Needs Improvement
1,12,2024,20,16,80.45,90.52,140.5,176.0,77.95,83.5,Excellent
11,4,2025,13,9,77.04,65.14,114.3,176.0,79.11,64.9,Good
3,11,2025,17,10,63.98,58.75,115.4,176.0,70.22,61.9,Good
23,10,2025,23,9,37.49,29.38,105.9,176.0,40.65,40.6,Needs Improvement
26,5,2025,24,19,88.52,85.07,168.4,176.0,87.67,85.9,Excellent
4,1,2025,21,7,38.03,45.58,107.6,176.0,35.6,43.2,Needs Improvement
18,2,2025,10,6,63.76,63.15,150.3,176.0,54.04,68.9,Good
6,6,2024,8,2,27.12,37.23,103.7,176.0,25.92,38.4,Low Productivity
35,5,2024,5,4,99.51,83.56,136.4,176.0,94.9,88.8,Excellent
22,3,2025,22,12,56.11,63.73,135.0,176.0,53.4,58.5,Needs Improvement
43,1,2024,23,7,37.01,15.38,93.9,176.0,37.27,33.7,Low Productivity
15,6,2025,13,4,33.57,43.87,99.4,176.0,25.76,40.6,Needs Improvement
22,7,2024,17,13,83.84,71.53,174.7,176.0,78.88,80.8,Excellent
37,5,2024,12,6,62.14,53.93,131.1,176.0,64.07,64.3,Good
42,7,2025,27,9,40.44,46.69,96.1,176.0,34.12,42.8,Needs Improvement
12,10,2025,17,5,38.09,24.56,118.1,176.0,37.86,40.6,Needs Improvement
47,11,2024,19,6,32.78,47.84,92.9,176.0,25.77,39.6,Low Productivity
49,3,2025,15,7,45.7,65.85,92.9,176.0,48.33,52.4,Needs Improvement
42,11,2024,16,3,36.88,30.29,116.2,176.0,40.17,37.9,Low Productivity
38,3,2025,18,10,59.66,60.0,132.3,176.0,65.83,58.8,Needs Improvement
18,4,2024,8,3,38.81,37.87,108.5,176.0,45.04,45.6,Needs Improvement
45,6,2024,5,4,82.55,85.7,119.9,176.0,83.93,76.3,Excellent
35,2,2024,28,15,57.4,62.42,120.4,176.0,48.59,63.2,Good
30,6,2024,8,2,42.01,17.94,110.1,176.0,42.02,36.5,Low Productivity
24,11,2025,23,21,97.2,92.22,138.1,176.0,99.49,97.4,Outstanding
42,4,2024,13,7,51.19,53.06,126.8,176.0,51.8,61.1,Good
30,5,2024,14,4,28.44,25.9,128.6,176.0,36.75,40.9,Needs Improvement
14,8,2024,8,6,81.61,75.87,148.6,176.0,88.09,81.2,Excellent
6,4,2025,24,21,94.0,78.52,159.9,176.0,94.13,90.7,Outstanding
3,4,2025,13,8,54.15,74.15,122.8,176.0,57.88,67.2,Good
16,3,2024,17,6,37.92,30.76,92.6,176.0,30.59,32.4,Low Productivity
7,9,2024,16,14,92.33,87.52,142.5,176.0,93.28,85.0,Excellent
14,11,2024,15,6,45.09,38.17,128.4,176.0,38.77,44.6,Needs Improvement
9,6,2025,16,9,56.54,52.56,124.1,176.0,55.65,56.1,Needs Improvement
15,3,2025,22,10,51.0,49.09,113.6,176.0,47.61,50.6,Needs Improvement
21,5,2025,16,8,49.6,51.18,115.4,176.0,46.34,56.2,Needs Improvement
35,8,2025,20,14,78.51,78.63,120.0,176.0,74.45,78.3,Excellent
2,3,2025,9,7,87.04,99.91,170.4,176.0,85.04,94.1,Outstanding
27,9,2024,24,21,91.3,82.28,149.7,176.0,88.44,91.4,Outstanding
2,12,2025,29,19,66.05,68.47,124.7,176.0,69.21,64.4,Good
35,6,2025,16,7,51.22,50.31,119.6,176.0,49.9,51.7,Needs Improvement
18,5,2024,25,19,71.69,67.81,133.8,176.0,71.46,72.7,Good
14,4,2024,29,13,52.45,53.19,123.1,176.0,53.9,52.6,Needs Improvement
20,1,2025,15,7,56.67,50.21,111.6,176.0,58.1,51.5,Needs Improvement
18,3,2024,13,4,32.24,46.38,108.9,176.0,26.9,43.4,Needs Improvement
10,1,2025,22,15,70.95,78.93,136.0,176.0,69.62,72.1,Good
25,6,2024,29,23,77.31,81.61,173.1,176.0,78.5,86.5,Excellent
2,8,2025,7,4,61.98,66.05,162.9,176.0,57.58,67.5,Good
25,5,2025,24,10,45.43,58.3,127.4,176.0,40.46,56.3,Needs Improvement
33,4,2024,21,7,35.91,30.26,106.6,176.0,30.04,39.7,Low Productivity
36,4,2024,18,12,68.32,72.13,148.1,176.0,69.33,73.7,Good
31,3,2025,5,2,40.28,46.01,128.8,176.0,38.81,51.2,Needs Improvement
14,12,2025,21,14,72.17,79.44,128.9,176.0,71.41,73.2,Good
1,5,2024,29,22,76.39,88.37,117.8,176.0,67.48,77.9,Excellent
46,2,2024,12,6,49.1,57.19,93.7,176.0,49.45,52.5,Needs Improvement
16,11,2024,9,6,82.81,72.21,139.4,176.0,83.41,78.1,Excellent
46,6,2025,9,8,85.17,88.8,144.5,176.0,86.49,88.8,Excellent
3,1,2024,13,9,77.8,65.15,131.8,176.0,85.01,71.7,Good
35,1,2025,7,5,74.66,84.15,133.7,176.0,70.86,84.1,Excellent
41,7,2025,23,15,62.07,62.8,122.7,176.0,64.51,65.2,Good
6,3,2025,27,18,72.67,88.16,146.0,176.0,74.34,75.6,Excellent
25,12,2025,13,3,24.31,21.61,55.4,176.0,26.59,25.2,Low Productivity
13,8,2024,26,20,74.23,88.28,152.9,176.0,72.68,80.0,Excellent
34,12,2025,22,8,43.18,50.66,106.6,176.0,47.0,48.3,Needs Improvement
8,7,2025,20,13,68.8,73.57,155.2,176.0,65.15,72.8,Good
21,12,2025,5,3,61.6,68.19,141.8,176.0,59.25,73.0,Good
34,10,2025,6,4,83.77,74.35,117.2,176.0,82.85,76.1,Excellent
4,3,2025,18,12,66.03,94.9,109.0,176.0,64.88,74.0,Good
25,5,2025,18,7,34.58,58.91,97.4,176.0,36.45,46.6,Needs Improvement
15,10,2024,5,2,37.94,44.47,117.6,176.0,39.24,49.3,Needs Improvement
4,3,2024,29,19,68.65,66.15,109.4,176.0,69.99,66.1,Good
45,3,2025,20,14,74.46,67.11,140.9,176.0,81.07,74.4,Good
12,11,2025,19,10,48.14,51.35,135.6,176.0,47.1,60.7,Good
32,10,2024,19,14,66.8,79.55,131.2,176.0,72.08,73.7,Good
32,6,2025,16,4,26.18,48.49,90.7,176.0,20.86,37.9,Low Productivity
28,11,2025,20,17,82.34,84.87,116.4,176.0,81.69,80.3,Excellent
13,9,2024,18,12,73.52,79.3,158.4,176.0,73.19,77.5,Excellent
31,5,2024,28,20,70.32,79.58,165.3,176.0,63.78,80.5,Excellent
14,6,2024,19,13,77.26,71.21,157.1,176.0,77.48,79.2,Excellent
20,2,2024,27,19,76.97,79.48,133.0,176.0,77.55,76.9,Excellent
18,2,2025,19,5,31.46,36.92,102.1,176.0,34.45,40.8,Needs Improvement
29,9,2025,23,11,36.67,59.37,131.9,176.0,39.08,55.6,Needs Improvement
6,9,2025,12,6,52.86,51.08,125.7,176.0,46.47,60.9,Good
32,5,2024,6,1,29.45,36.01,57.5,176.0,35.42,35.2,Low Productivity
29,4,2025,6,4,79.78,89.56,157.8,176.0,77.46,82.3,Excellent
43,6,2024,14,9,59.32,77.38,154.1,176.0,56.3,75.5,Excellent
2,8,2025,7,3,47.41,59.85,137.1,176.0,49.86,52.4,Needs Improvement
23,10,2024,27,20,68.78,73.97,147.3,176.0,73.04,79.0,Excellent
19,9,2025,21,15,68.72,81.94,153.1,176.0,66.36,77.1,Excellent
31,12,2024,12,4,32.51,44.12,85.8,176.0,32.29,36.8,Low Productivity
5,11,2024,27,17,59.34,59.39,129.0,176.0,63.9,58.2,Needs Improvement
19,10,2025,8,2,28.66,21.85,96.3,176.0,24.01,33.3,Low Productivity
34,6,2025,18,6,34.09,48.17,129.8,176.0,20.1,49.5,Needs Improvement
10,6,2025,25,11,42.96,41.72,119.1,176.0,45.65,49.2,Needs Improvement
25,2,2025,14,6,49.37,42.43,116.3,176.0,53.95,49.4,Needs Improvement
2,3,2025,5,2,47.9,51.69,104.7,176.0,39.92,51.3,Needs Improvement
11,11,2025,8,3,38.68,44.36,101.3,176.0,38.58,50.6,Needs Improvement
50,7,2025,5,3,54.88,44.63,111.1,176.0,52.39,57.9,Needs Improvement
31,8,2024,21,13,62.16,70.93,142.2,176.0,62.8,68.5,Good
15,3,2025,21,17,82.75,91.92,157.0,176.0,72.4,89.9,Excellent
9,8,2024,11,7,63.94,62.76,140.6,176.0,57.61,71.7,Good
23,3,2024,27,16,65.64,62.05,141.7,176.0,67.88,63.9,Good
19,3,2024,24,19,82.7,73.0,132.8,176.0,82.03,77.2,Excellent
9,5,2025,19,7,37.93,34.06,85.1,176.0,45.45,44.4,Needs Improvement
35,3,2024,17,12,70.92,66.92,147.6,176.0,73.86,74.8,Good
21,10,2025,6,2,43.46,53.05,118.2,176.0,38.64,57.8,Needs Improvement
9,10,2025,23,18,84.44,96.26,156.6,176.0,88.04,88.6,Excellent
28,9,2025,28,19,80.67,67.02,142.7,176.0,89.21,71.6,Good
46,3,2024,17,7,41.19,51.12,114.4,176.0,40.83,49.5,Needs Improvement
7,12,2024,28,23,91.33,91.59,151.3,176.0,93.34,90.5,Outstanding
16,12,2024,15,11,69.16,56.42,159.9,176.0,73.28,71.8,Good
16,6,2024,26,14,52.74,44.32,120.0,176.0,51.91,54.8,Needs Improvement
33,8,2025,19,6,41.98,51.19,118.9,176.0,31.41,53.0,Needs Improvement
4,5,2025,14,8,60.78,57.33,133.7,176.0,63.56,62.5,Good
4,10,2025,13,9,77.63,77.82,114.2,176.0,81.63,74.9,Good
39,4,2025,13,10,78.8,82.84,124.4,176.0,86.11,79.4,Excellent
40,8,2024,24,14,52.93,44.92,129.0,176.0,47.43,60.9,Good
17,11,2024,5,2,63.5,46.35,114.0,176.0,58.22,56.2,Needs Improvement
37,9,2025,21,18,87.73,94.63,136.8,176.0,84.28,88.2,Excellent
39,4,2025,16,9,58.08,49.8,141.9,176.0,57.24,66.3,Good
29,3,2024,14,8,56.66,57.29,105.8,176.0,59.35,58.5,Needs Improvement
36,10,2024,9,4,48.85,35.32,113.0,176.0,43.25,49.4,Needs Improvement
38,11,2025,22,17,82.51,72.25,130.1,176.0,87.26,73.1,Good
39,3,2025,19,13,65.28,68.86,160.7,176.0,69.78,74.1,Good
50,11,2025,10,3,37.59,21.86,147.1,176.0,42.22,42.3,Needs Improvement
37,5,2024,11,8,85.72,90.71,140.4,176.0,84.17,84.0,Excellent
35,2,2024,21,18,92.01,74.9,161.5,176.0,80.84,80.4,Excellent
7,3,2025,10,6,68.32,63.7,151.1,176.0,76.32,68.5,Good
27,12,2024,12,5,49.7,40.07,130.3,176.0,46.73,48.3,Needs Improvement
28,12,2024,16,12,76.31,87.63,155.1,176.0,79.9,85.7,Excellent
22,10,2025,25,17,64.47,60.75,109.9,176.0,65.08,62.7,Good
14,12,2024,18,5,26.26,21.55,119.9,176.0,31.9,35.9,Low Productivity
7,10,2025,16,10,57.61,53.17,136.5,176.0,57.35,64.7,Good
37,9,2024,27,11,38.38,22.81,110.2,176.0,38.72,38.8,Low Productivity
22,4,2024,14,12,84.3,92.14,149.3,176.0,85.2,85.1,Excellent
5,6,2025,26,13,47.8,52.76,125.9,176.0,49.88,54.6,Needs Improvement
2,3,2024,24,12,55.68,54.77,118.6,176.0,49.5,55.7,Needs Improvement
27,10,2024,19,5,23.67,35.22,97.7,176.0,33.05,31.7,Low Productivity
21,4,2024,11,7,72.98,64.66,116.4,176.0,72.62,65.4,Good
38,8,2025,13,10,81.95,73.45,149.3,176.0,84.82,79.6,Excellent
15,6,2024,14,9,70.35,66.48,129.1,176.0,77.93,64.3,Good
21,12,2024,14,4,30.02,29.41,94.9,176.0,29.98,35.3,Low Productivity
10,10,2025,20,7,37.79,45.68,110.9,176.0,32.81,42.9,Needs Improvement
23,4,2024,11,7,59.77,62.09,132.6,176.0,54.64,65.6,Good
39,9,2025,9,7,79.81,77.77,150.6,176.0,77.56,85.7,Excellent
5,8,2025,27,17,54.28,68.21,130.0,176.0,55.94,60.2,Good
1,2,2025,7,3,49.47,62.85,124.6,176.0,51.66,54.9,Needs Improvement
13,1,2024,22,16,72.73,67.78,136.7,176.0,78.38,74.4,Good
21,6,2025,15,7,51.81,40.55,117.2,176.0,44.13,49.9,Needs Improvement
26,2,2024,19,13,72.84,68.44,140.5,176.0,73.95,73.4,Good
50,5,2025,25,8,29.81,26.59,111.9,176.0,32.89,32.3,Low Productivity
45,10,2024,24,18,72.44,82.03,159.3,176.0,75.33,78.8,Excellent
21,5,2024,9,5,55.02,57.2,140.2,176.0,42.94,52.7,Needs Improvement
18,11,2024,28,20,77.92,64.95,138.5,176.0,76.06,72.7,Good
37,9,2024,16,12,76.99,83.72,121.0,176.0,81.06,73.6,Good
45,7,2025,8,4,53.71,65.47,130.8,176.0,49.64,60.7,Good
32,3,2024,19,11,65.46,55.1,137.1,176.0,59.53,68.2,Good
36,10,2025,13,12,93.6,97.17,158.9,176.0,96.42,95.0,Outstanding
17,6,2024,11,6,60.76,43.77,140.7,176.0,62.26,60.3,Good
35,5,2025,14,7,56.22,52.58,118.9,176.0,57.38,55.8,Needs Improvement
49,12,2024,27,23,92.51,89.28,125.5,176.0,89.28,84.6,Excellent
11,8,2024,17,11,68.66,69.25,123.2,176.0,62.09,68.9,Good
21,10,2025,12,7,68.74,63.96,87.0,176.0,73.49,61.7,Good
26,6,2025,16,5,35.53,28.03,114.1,176.0,52.22,40.5,Needs Improvement
4,5,2024,26,16,61.54,75.31,131.2,176.0,53.44,66.6,Good
34,8,2024,28,13,48.32,45.25,131.7,176.0,53.42,56.4,Needs Improvement
48,12,2024,23,20,83.24,79.01,162.4,176.0,82.38,85.3,Excellent
18,2,2024,5,2,49.29,55.71,117.5,176.0,50.88,56.8,Needs Improvement
40,12,2025,20,10,57.45,61.8,111.2,176.0,57.15,62.5,Good
35,1,2024,26,18,77.01,77.46,126.6,176.0,87.99,68.3,Good
41,6,2024,21,16,79.16,75.18,172.2,176.0,75.15,74.3,Good
29,3,2025,29,21,76.04,89.98,138.4,176.0,73.03,81.1,Excellent
29,5,2025,22,17,74.79,77.08,138.0,176.0,75.17,77.1,Excellent
38,5,2024,15,11,79.08,64.53,147.0,176.0,81.92,80.5,Excellent
42,5,2025,22,6,37.93,32.78,78.6,176.0,44.6,31.1,Low Productivity
21,4,2025,11,5,53.86,47.72,113.1,176.0,56.32,54.1,Needs Improvement
42,12,2024,22,15,71.87,71.66,125.0,176.0,73.0,70.7,Good
13,8,2024,12,4,35.59,43.52,93.1,176.0,33.38,44.2,Needs Improvement
49,12,2025,10,7,76.19,75.98,138.5,176.0,78.75,70.7,Good
41,1,2024,11,8,71.45,76.18,143.5,176.0,67.88,76.3,Excellent
17,6,2025,27,10,34.88,27.26,91.0,176.0,35.89,39.4,Low Productivity
9,6,2024,26,11,49.31,41.7,111.3,176.0,48.22,46.6,Needs Improvement
41,5,2025,14,6,43.11,49.73,119.4,176.0,38.2,51.2,Needs Improvement
1,10,2025,15,11,75.64,72.34,148.4,176.0,83.44,77.2,Excellent
2,2,2024,29,13,42.39,34.62,114.3,176.0,37.49,47.9,Needs Improvement
48,4,2025,17,7,46.65,47.93,119.1,176.0,44.68,46.5,Needs Improvement
29,3,2025,13,9,66.01,77.92,132.6,176.0,58.09,71.6,Good
33,2,2025,11,7,67.87,70.51,151.1,176.0,67.03,72.6,Good
10,6,2025,13,8,67.58,55.03,138.1,176.0,69.74,67.1,Good
50,12,2024,17,9,56.6,58.05,116.5,176.0,52.06,60.0,Needs Improvement
40,2,2024,7,5,68.69,74.04,130.3,176.0,59.59,71.3,Good
21,10,2025,7,3,53.71,56.09,127.0,176.0,51.84,57.4,Needs Improvement
28,1,2024,5,2,60.25,57.18,113.9,176.0,59.47,60.1,Good
11,9,2025,25,9,44.72,26.71,81.5,176.0,43.54,38.8,Low Productivity
34,3,2024,24,20,83.16,97.31,151.3,176.0,91.09,83.8,Excellent
8,2,2024,6,2,41.86,36.61,111.3,176.0,43.54,43.0,Needs Improvement
22,5,2025,29,7,24.13,12.24,110.4,176.0,25.41,29.4,Low Productivity
8,7,2025,7,3,48.51,33.49,126.2,176.0,50.16,47.4,Needs Improvement
49,10,2024,19,8,44.3,52.66,127.3,176.0,45.92,55.4,Needs Improvement
15,1,2024,28,23,86.17,95.51,184.9,176.0,83.96,88.7,Excellent
17,6,2025,10,7,74.72,71.5,160.5,176.0,70.05,74.4,Good
23,9,2024,17,8,44.85,33.71,113.0,176.0,57.21,52.1,Needs Improvement
24,8,2025,25,10,43.22,50.49,121.1,176.0,42.49,48.7,Needs Improvement
45,1,2025,5,4,89.57,80.53,154.5,176.0,89.68,88.3,Excellent
19,11,2024,24,10,49.42,50.59,120.5,176.0,49.64,54.0,Needs Improvement
5,4,2025,23,19,76.37,75.6,122.9,176.0,72.58,81.5,Excellent
32,1,2024,5,4,84.7,78.55,161.5,176.0,85.59,81.9,Excellent
44,5,2025,25,9,37.99,40.77,76.0,176.0,31.59,40.3,Needs Improvement
1,7,2024,26,18,73.6,74.05,136.9,176.0,77.18,73.4,Good
23,6,2024,6,3,56.36,64.16,104.3,176.0,55.08,68.5,Good
37,6,2025,19,12,69.05,76.4,121.2,176.0,74.69,63.2,Good
8,9,2025,18,12,69.55,80.55,136.6,176.0,72.14,72.5,Good
13,5,2024,23,18,89.23,95.2,157.7,176.0,91.2,87.8,Excellent
8,6,2024,15,11,69.59,72.34,154.3,176.0,65.62,75.0,Excellent
23,1,2025,19,7,37.6,41.37,109.5,176.0,37.95,40.2,Needs Improvement
43,7,2024,10,4,39.8,59.75,133.8,176.0,43.58,49.6,Needs Improvement
1,9,2024,24,21,85.86,84.76,151.0,176.0,86.44,82.4,Excellent
45,5,2024,13,10,89.76,79.15,135.4,176.0,82.97,84.6,Excellent
24,9,2025,9,7,86.37,85.06,153.5,176.0,91.3,85.6,Excellent
35,3,2024,24,6,24.45,27.92,88.7,176.0,28.23,26.5,Low Productivity
24,9,2024,6,3,66.87,63.91,131.0,176.0,59.36,71.7,Good
17,9,2024,10,8,87.31,80.14,142.9,176.0,87.94,90.3,Outstanding
5,3,2024,22,13,50.04,66.42,104.4,176.0,54.11,60.2,Good
20,10,2025,27,23,77.92,83.46,154.2,176.0,74.92,85.5,Excellent
21,9,2025,23,12,61.67,57.39,127.1,176.0,55.05,61.0,Good
40,8,2025,13,4,41.89,38.15,127.8,176.0,36.52,43.9,Needs Improvement
31,6,2025,25,14,50.43,63.26,98.3,176.0,49.89,51.8,Needs Improvement
46,9,2025,28,9,32.74,37.02,96.0,176.0,37.39,35.1,Low Productivity
36,11,2024,10,5,49.02,50.55,139.0,176.0,43.58,56.5,Needs Improvement
11,7,2024,18,7,47.04,38.28,121.2,176.0,41.64,49.0,Needs Improvement
15,4,2024,28,20,76.2,73.08,150.0,176.0,74.68,75.8,Excellent
19,9,2025,17,4,22.37,19.01,124.1,176.0,25.8,32.8,Low Productivity
7,1,2024,15,9,63.96,56.92,119.2,176.0,72.73,62.9,Good
28,3,2024,16,13,87.17,91.62,136.9,176.0,87.61,86.8,Excellent
43,5,2025,23,16,69.96,72.54,149.0,176.0,66.58,71.8,Good
5,7,2024,23,19,84.11,78.93,158.8,176.0,80.13,86.2,Excellent
5,12,2024,25,20,82.32,81.24,143.9,176.0,89.18,78.6,Excellent
30,6,2025,23,20,82.87,74.62,147.4,176.0,76.56,83.4,Excellent
32,4,2024,28,26,89.53,96.56,141.8,176.0,90.5,87.0,Excellent
8,9,2024,17,6,33.95,37.49,135.8,176.0,40.53,42.1,Needs Improvement
10,9,2025,18,8,41.69,63.7,147.9,176.0,40.9,55.3,Needs Improvement
38,4,2025,28,22,83.04,85.62,161.5,176.0,77.63,85.3,Excellent
47,5,2025,22,9,43.76,33.89,123.0,176.0,46.41,46.4,Needs Improvement
32,10,2024,16,9,67.47,52.43,137.0,176.0,67.99,60.7,Good
48,6,2024,8,6,80.55,86.8,150.3,176.0,82.91,79.2,Excellent
28,1,2025,14,12,93.41,96.94,125.5,176.0,96.3,92.3,Outstanding
17,10,2025,21,11,56.61,71.24,118.0,176.0,59.2,62.5,Good
31,9,2024,8,6,82.45,90.2,157.1,176.0,83.93,84.8,Excellent
8,7,2025,16,13,87.47,87.25,134.0,176.0,90.86,84.8,Excellent
40,3,2024,17,10,66.05,74.53,132.8,176.0,72.8,66.2,Good
25,5,2025,8,6,87.53,87.58,166.9,176.0,83.61,92.0,Outstanding
9,3,2024,14,6,41.53,44.83,133.3,176.0,40.2,52.0,Needs Improvement
2,11,2024,29,10,39.09,28.01,124.2,176.0,43.06,41.3,Needs Improvement
15,7,2024,7,3,59.43,64.67,126.3,176.0,59.06,60.6,Good
50,5,2024,19,12,65.17,65.36,143.4,176.0,58.85,67.5,Good
3,7,2025,6,4,65.6,66.78,130.4,176.0,67.26,72.3,Good
49,9,2025,29,15,57.21,46.75,148.0,176.0,54.75,59.8,Needs Improvement
36,5,2025,29,19,61.61,78.34,111.0,176.0,72.21,70.1,Good
4,5,2024,21,19,92.54,100.0,156.5,176.0,97.5,94.5,Outstanding
14,10,2025,10,5,52.87,50.56,119.2,176.0,58.67,57.0,Needs Improvement
41,7,2024,12,7,65.33,70.02,143.0,176.0,65.54,75.5,Excellent
41,6,2024,7,4,66.13,66.26,122.8,176.0,67.68,63.6,Good
25,7,2024,29,27,98.79,85.62,192.7,176.0,97.08,97.2,Outstanding
50,3,2024,22,9,32.69,47.16,127.4,176.0,28.5,53.7,Needs Improvement
10,3,2025,26,22,81.62,88.24,132.8,176.0,77.06,87.1,Excellent
21,7,2024,5,2,36.31,48.79,75.1,176.0,46.99,44.5,Needs Improvement
36,7,2024,20,9,52.44,63.05,100.7,176.0,54.43,49.7,Needs Improvement
12,5,2025,11,4,35.3,61.91,119.0,176.0,28.69,55.9,Needs Improvement
27,5,2024,7,5,76.97,86.48,137.3,176.0,81.78,78.7,Excellent
40,10,2025,27,18,69.86,71.33,126.8,176.0,82.98,70.7,Good
2,1,2024,8,4,60.56,64.64,116.8,176.0,52.89,65.5,Good
13,9,2025,13,10,64.82,82.76,155.9,176.0,67.82,78.5,Excellent
32,4,2024,9,4,50.98,67.99,114.4,176.0,45.37,58.0,Needs Improvement
31,1,2025,23,16,68.09,71.94,130.1,176.0,73.87,71.4,Good
16,8,2025,19,16,92.45,84.9,165.5,176.0,81.75,88.3,Excellent
32,12,2025,12,6,54.92,58.3,146.6,176.0,55.31,62.1,Good
32,11,2025,10,5,56.8,70.35,106.2,176.0,59.02,57.9,Needs Improvement
34,4,2024,22,15,67.72,63.61,154.8,176.0,60.8,68.6,Good
11,8,2025,23,19,80.58,80.84,147.3,176.0,82.8,84.9,Excellent
10,8,2025,28,19,75.78,65.51,150.8,176.0,73.45,77.4,Excellent
15,7,2024,19,11,65.59,53.2,140.1,176.0,74.21,62.1,Good
17,11,2024,11,5,52.16,43.44,121.1,176.0,45.04,51.3,Needs Improvement
40,12,2025,14,11,80.1,86.52,144.1,176.0,84.64,81.7,Excellent
18,4,2025,10,7,78.83,78.49,151.4,176.0,78.33,79.5,Excellent
9,1,2025,18,11,55.57,51.68,113.2,176.0,62.04,52.7,Needs Improvement
25,11,2024,21,15,77.13,77.24,120.3,176.0,83.71,72.2,Good
40,5,2024,13,9,68.63,72.17,166.7,176.0,67.38,80.4,Excellent
14,1,2025,23,8,34.64,42.88,125.7,176.0,34.42,48.5,Needs Improvement
25,8,2024,9,5,64.14,61.4,147.9,176.0,68.69,73.3,Good
50,12,2024,27,19,59.56,62.1,135.2,176.0,62.17,69.8,Good
22,11,2024,11,9,89.28,91.84,124.5,176.0,88.69,83.6,Excellent
30,1,2024,23,16,66.74,78.33,129.4,176.0,62.57,73.5,Good
20,8,2024,24,16,69.46,60.09,141.3,176.0,71.29,70.9,Good
21,5,2025,11,5,43.16,49.16,135.1,176.0,37.6,51.8,Needs Improvement
44,6,2025,28,15,54.71,51.5,131.6,176.0,57.95,53.3,Needs Improvement
32,7,2024,6,1,23.93,33.7,107.6,176.0,29.49,37.2,Low Productivity
46,9,2024,29,9,27.76,37.28,103.0,176.0,23.63,36.4,Low Productivity
49,4,2025,27,8,30.12,41.0,114.7,176.0,28.03,42.1,Needs Improvement
21,9,2025,20,14,70.87,66.54,125.0,176.0,67.71,65.9,Good
35,6,2025,17,11,60.5,60.18,134.4,176.0,65.77,63.5,Good
32,6,2025,12,9,81.2,72.37,136.8,176.0,81.48,77.4,Excellent
30,4,2025,10,3,29.95,29.71,128.8,176.0,28.12,41.8,Needs Improvement
39,10,2024,10,6,62.9,63.04,85.2,176.0,66.14,61.3,Good
49,5,2024,13,7,59.81,47.85,122.9,176.0,57.41,57.4,Needs Improvement
12,4,2024,8,6,80.65,88.2,144.6,176.0,79.64,81.8,Excellent
41,8,2024,15,8,54.14,70.82,97.7,176.0,48.57,60.7,Good
47,11,2025,9,4,45.29,55.16,128.1,176.0,49.48,54.6,Needs Improvement
18,8,2025,29,22,78.08,82.92,141.2,176.0,72.62,81.7,Excellent
21,12,2025,21,18,90.75,87.13,136.2,176.0,97.92,82.8,Excellent
13,8,2025,24,13,52.97,55.69,138.6,176.0,54.16,64.8,Good
21,5,2025,11,2,29.19,20.84,90.4,176.0,28.4,30.2,Low Productivity
8,8,2025,19,14,73.24,75.78,151.7,176.0,73.17,76.6,Excellent
46,7,2025,29,13,53.45,50.54,121.1,176.0,62.0,53.0,Needs Improvement
40,9,2024,19,12,64.48,57.94,125.5,176.0,57.75,64.9,Good
46,12,2025,18,12,67.23,80.86,119.2,176.0,60.87,66.6,Good
7,6,2024,17,5,36.75,34.37,97.3,176.0,41.54,37.8,Low Productivity
23,1,2024,15,10,79.25,62.84,150.1,176.0,74.64,67.8,Good
44,6,2024,17,11,62.09,63.48,149.4,176.0,58.4,66.7,Good
32,6,2025,26,19,80.97,70.95,151.0,176.0,78.75,78.1,Excellent
11,6,2025,28,22,76.07,73.44,143.7,176.0,81.7,79.7,Excellent
22,7,2025,13,9,71.58,83.93,147.5,176.0,75.62,76.9,Excellent
22,6,2025,14,9,61.28,65.34,137.0,176.0,60.58,67.9,Good
43,8,2024,8,3,45.58,55.67,108.9,176.0,47.58,47.0,Needs Improvement
25,5,2024,21,12,53.98,60.66,112.2,176.0,55.86,59.3,Needs Improvement
22,10,2024,18,15,87.78,88.1,142.7,176.0,82.76,89.1,Excellent
28,5,2024,28,17,59.84,62.22,120.3,176.0,55.17,64.4,Good
29,3,2025,22,19,89.07,82.96,151.1,176.0,78.89,83.7,Excellent
13,11,2025,15,12,80.15,93.19,170.3,176.0,87.61,88.2,Excellent
18,5,2024,20,9,46.77,52.03,121.6,176.0,43.42,56.7,Needs Improvement
2,11,2024,5,2,65.08,56.35,148.3,176.0,65.15,65.9,Good
29,6,2025,11,4,40.18,51.87,115.1,176.0,42.88,51.2,Needs Improvement
21,1,2025,14,11,78.53,94.24,143.2,176.0,73.67,81.9,Excellent
15,4,2024,13,8,62.39,66.55,108.2,176.0,58.15,62.6,Good
27,4,2025,29,18,62.11,74.61,139.4,176.0,57.5,68.5,Good
50,10,2024,7,4,73.3,66.38,126.3,176.0,58.82,75.6,Excellent
31,3,2024,26,24,94.54,87.13,142.6,176.0,94.22,87.2,Excellent
15,6,2024,27,25,94.18,90.21,139.2,176.0,100.0,90.5,Outstanding
23,7,2024,18,10,52.19,58.29,131.7,176.0,49.54,62.3,Good
24,3,2024,29,25,87.72,98.66,140.3,176.0,85.21,90.6,Outstanding
44,8,2025,19,15,81.51,76.82,168.6,176.0,79.66,81.9,Excellent
13,11,2025,6,4,77.44,77.16,156.1,176.0,79.0,77.5,Excellent
22,1,2024,28,27,95.49,100.0,149.7,176.0,99.9,100.0,Outstanding
43,7,2025,18,7,39.8,43.57,76.3,176.0,35.63,40.7,Needs Improvement
37,7,2024,20,10,53.81,46.33,122.0,176.0,56.12,52.5,Needs Improvement
33,8,2024,11,9,78.27,73.34,142.2,176.0,77.84,82.2,Excellent
3,11,2024,8,4,42.63,61.35,134.6,176.0,44.12,57.6,Needs Improvement
19,6,2024,22,15,64.17,61.3,136.0,176.0,66.43,64.1,Good
23,4,2024,28,12,42.21,42.38,133.6,176.0,37.34,53.0,Needs Improvement
29,12,2025,9,4,57.31,52.22,129.0,176.0,54.68,56.2,Needs Improvement
30,2,2024,10,7,84.18,84.15,120.1,176.0,86.5,76.2,Excellent
39,11,2024,11,8,69.23,81.75,127.8,176.0,68.52,82.6,Excellent
44,9,2025,19,9,50.49,52.1,113.9,176.0,54.46,53.2,Needs Improvement
47,10,2025,5,3,69.93,82.27,135.5,176.0,68.82,75.6,Excellent
25,7,2024,28,15,57.75,66.81,120.2,176.0,62.8,64.0,Good
37,7,2024,8,5,75.03,69.81,149.7,176.0,65.21,72.4,Good
47,11,2024,29,18,58.73,59.97,138.0,176.0,60.35,66.2,Good
8,12,2025,5,3,63.98,73.08,127.3,176.0,57.53,71.8,Good
42,2,2024,15,8,58.79,73.08,137.5,176.0,64.4,70.5,Good
16,1,2025,22,7,40.09,28.38,89.6,176.0,39.34,39.1,Low Productivity
8,1,2025,18,10,52.32,40.85,135.0,176.0,50.61,52.2,Needs Improvement
1,8,2024,26,18,61.91,74.86,148.8,176.0,57.78,73.7,Good
44,9,2025,15,8,62.97,67.37,129.3,176.0,66.29,59.9,Needs Improvement
5,6,2025,14,12,92.07,90.61,159.5,176.0,94.91,94.2,Outstanding
3,10,2024,21,15,69.37,96.25,150.0,176.0,67.96,84.5,Excellent
1,1,2024,8,5,65.64,57.41,147.0,176.0,68.96,67.3,Good
4,4,2025,28,19,74.1,64.1,147.2,176.0,75.2,72.6,Good
40,8,2024,19,5,30.59,24.07,122.2,176.0,31.02,36.5,Low Productivity
35,6,2024,20,7,42.86,36.74,85.2,176.0,46.78,40.0,Low Productivity
32,3,2024,25,16,67.19,65.3,133.5,176.0,76.25,70.4,Good
42,7,2025,17,12,75.77,68.09,138.7,176.0,77.18,73.0,Good
34,5,2024,13,9,77.37,85.34,143.4,176.0,78.79,86.4,Excellent
43,10,2024,15,12,85.46,86.92,161.3,176.0,90.05,87.3,Excellent
25,11,2025,15,8,58.13,45.47,124.9,176.0,53.37,59.7,Needs Improvement
10,7,2025,10,2,20.53,26.19,98.4,176.0,19.62,24.3,Low Productivity
21,4,2025,5,2,45.6,37.49,119.7,176.0,43.67,44.7,Needs Improvement
46,6,2024,26,14,58.12,57.38,102.7,176.0,59.63,60.2,Good
39,11,2025,10,4,44.77,51.35,138.7,176.0,45.86,54.0,Needs Improvement
27,1,2025,17,5,28.45,37.99,102.4,176.0,37.25,37.4,Low Productivity
27,7,2024,26,21,82.74,91.57,169.5,176.0,90.24,91.4,Outstanding
2,3,2025,28,19,72.71,71.51,124.1,176.0,65.13,77.8,Excellent
41,1,2025,26,15,63.74,50.88,113.3,176.0,65.53,55.4,Needs Improvement
48,7,2025,9,4,53.51,48.44,117.4,176.0,57.05,57.0,Needs Improvement
13,8,2024,19,12,60.07,63.83,131.5,176.0,60.49,63.9,Good
9,1,2024,22,14,56.86,77.22,124.3,176.0,54.28,70.1,Good
36,1,2025,24,19,84.11,76.21,132.3,176.0,91.01,77.7,Excellent
22,11,2025,18,10,69.26,57.46,130.2,176.0,70.91,64.2,Good
42,3,2025,19,9,48.92,40.43,142.0,176.0,43.7,55.5,Needs Improvement
26,9,2025,9,7,84.65,89.69,174.5,176.0,89.53,87.5,Excellent
12,4,2024,8,5,75.0,70.54,132.3,176.0,77.34,71.1,Good
17,9,2024,6,3,59.36,62.63,114.7,176.0,56.14,62.3,Good
14,3,2025,11,7,75.09,74.39,130.1,176.0,71.28,67.2,Good
14,1,2025,14,9,67.21,59.67,157.8,176.0,63.23,70.5,Good
34,9,2024,20,10,53.64,64.98,138.5,176.0,59.56,65.9,Good
20,11,2024,14,7,52.37,50.17,130.8,176.0,55.32,53.8,Needs Improvement
11,2,2025,22,11,58.78,65.3,116.5,176.0,63.56,62.3,Good
16,4,2024,21,7,33.06,22.51,121.9,176.0,34.08,39.5,Low Productivity
31,1,2024,25,20,86.6,85.5,180.4,176.0,83.19,86.2,Excellent
6,9,2025,17,5,33.7,36.58,103.2,176.0,29.72,44.8,Needs Improvement
19,10,2025,5,3,85.92,76.58,114.0,176.0,91.28,80.5,Excellent
37,2,2024,5,3,62.41,63.84,113.9,176.0,64.64,66.7,Good
4,5,2025,19,13,87.85,69.36,138.7,176.0,86.52,76.1,Excellent
47,12,2025,5,1,31.19,31.99,100.4,176.0,31.29,31.1,Low Productivity
4,5,2025,10,7,77.57,78.85,161.9,176.0,82.56,81.0,Excellent
20,11,2024,29,15,52.98,72.66,115.1,176.0,55.8,60.7,Good
10,3,2024,17,10,68.23,52.82,128.5,176.0,67.77,66.9,Good
24,8,2025,5,1,37.11,40.55,101.4,176.0,36.88,40.9,Needs Improvement
35,1,2024,9,4,41.62,42.12,128.1,176.0,38.67,53.3,Needs Improvement
26,9,2024,13,8,62.57,65.91,119.0,176.0,62.68,63.4,Good
37,7,2025,29,22,76.99,76.86,138.8,176.0,75.55,79.8,Excellent
38,9,2024,21,9,55.38,41.34,92.5,176.0,55.13,45.1,Needs Improvement
21,8,2025,20,9,49.28,43.64,110.3,176.0,46.58,49.9,Needs Improvement
40,1,2025,12,10,87.29,96.31,177.4,176.0,80.6,89.4,Excellent
39,12,2025,21,10,55.18,46.75,146.4,176.0,59.95,57.0,Needs Improvement
21,7,2025,19,11,63.35,62.23,140.0,176.0,66.22,63.0,Good
10,12,2024,28,16,65.67,60.68,134.0,176.0,64.34,65.9,Good
38,5,2025,5,4,94.24,78.88,138.3,176.0,92.63,86.0,Excellent
46,12,2024,16,14,80.4,92.73,153.3,176.0,73.46,87.4,Excellent
4,12,2025,9,8,77.06,81.27,153.6,176.0,82.39,82.4,Excellent
45,9,2024,28,19,79.84,73.83,136.2,176.0,86.11,75.6,Excellent
20,8,2024,10,6,56.67,63.33,140.2,176.0,56.23,67.0,Good
17,1,2024,29,22,68.6,76.03,127.5,176.0,70.23,73.7,Good
7,6,2025,5,3,71.57,65.43,177.8,176.0,66.62,75.6,Excellent
4,3,2025,29,16,50.47,55.36,148.6,176.0,50.9,56.4,Needs Improvement
29,3,2024,5,4,78.58,74.18,133.8,176.0,75.14,79.0,Excellent
14,8,2024,14,9,70.75,65.58,134.8,176.0,67.33,72.3,Good
3,11,2024,14,4,31.47,39.57,97.6,176.0,30.02,43.2,Needs Improvement
24,12,2024,7,3,40.06,48.03,128.1,176.0,37.94,52.1,Needs Improvement
37,4,2024,21,14,67.14,77.01,132.2,176.0,66.5,67.0,Good
16,3,2024,23,17,73.51,80.13,114.0,176.0,78.79,73.5,Good
4,5,2025,15,10,68.72,76.16,122.2,176.0,58.16,74.7,Good
24,4,2025,22,19,85.61,92.3,169.2,176.0,82.94,92.2,Outstanding
34,12,2025,6,2,46.51,53.54,110.5,176.0,49.67,46.9,Needs Improvement
30,7,2025,13,8,60.62,52.71,127.1,176.0,61.59,67.8,Good
18,1,2024,28,22,82.64,74.96,153.4,176.0,78.74,77.2,Excellent
19,1,2025,21,13,58.37,66.57,147.2,176.0,68.9,67.1,Good
31,12,2024,18,9,55.05,56.96,119.1,176.0,68.53,58.0,Needs Improvement
19,11,2024,8,3,45.76,40.62,78.9,176.0,45.69,41.8,Needs Improvement
49,1,2025,21,7,34.26,35.36,96.3,176.0,29.3,38.1,Low Productivity
46,7,2024,21,11,51.03,63.37,91.9,176.0,49.78,55.8,Needs Improvement
19,12,2024,16,11,66.41,69.1,116.4,176.0,60.77,72.0,Good
22,8,2025,24,13,58.0,55.05,127.7,176.0,60.0,66.0,Good
24,7,2025,22,20,100.0,99.38,156.9,176.0,100.0,96.9,Outstanding
45,4,2024,7,2,31.79,53.07,126.3,176.0,36.72,44.0,Needs Improvement
12,4,2024,15,9,65.56,59.85,127.5,176.0,67.56,63.9,Good
30,12,2024,29,11,35.47,36.06,99.8,176.0,36.61,47.8,Needs Improvement
38,8,2025,22,7,31.74,28.96,124.8,176.0,26.7,41.9,Needs Improvement
31,3,2025,8,7,94.89,92.18,182.4,176.0,88.78,100.0,Outstanding
36,1,2024,21,17,86.01,95.53,161.7,176.0,75.9,91.7,Outstanding
19,10,2024,22,13,59.53,58.27,127.9,176.0,59.94,65.3,Good
48,4,2025,9,6,83.11,79.32,136.9,176.0,87.43,79.1,Excellent
45,11,2024,18,7,49.79,42.74,96.9,176.0,55.55,51.2,Needs Improvement
36,9,2025,14,5,40.61,30.98,101.3,176.0,44.8,33.4,Low Productivity
30,5,2024,19,5,23.81,23.79,94.4,176.0,21.97,32.4,Low Productivity
49,9,2025,5,3,70.28,53.49,118.8,176.0,79.58,68.0,Good
33,9,2024,20,16,87.08,83.31,140.5,176.0,82.33,80.3,Excellent
18,3,2025,15,7,46.79,54.04,115.9,176.0,41.82,54.6,Needs Improvement
49,5,2025,27,8,25.82,26.36,125.6,176.0,29.65,39.4,Low Productivity
28,5,2024,24,18,69.39,71.61,116.5,176.0,76.42,66.4,Good
47,5,2024,10,7,75.98,61.92,140.7,176.0,84.95,73.2,Good
11,8,2025,28,20,64.83,53.93,116.9,176.0,69.82,68.7,Good
45,4,2025,26,12,44.26,34.2,87.7,176.0,47.93,48.6,Needs Improvement
33,1,2025,20,11,57.13,61.84,117.9,176.0,61.2,62.0,Good
17,8,2025,6,5,81.43,87.32,152.2,176.0,80.04,86.6,Excellent
6,11,2024,5,2,47.85,48.62,136.6,176.0,43.85,56.6,Needs Improvement
4,3,2024,28,24,85.19,100.0,145.4,176.0,86.56,86.4,Excellent
20,10,2025,28,17,52.69,70.22,121.7,176.0,44.21,66.1,Good
48,3,2025,13,8,67.7,71.04,122.8,176.0,66.16,68.5,Good
47,6,2025,26,18,73.58,67.73,129.5,176.0,70.93,75.0,Excellent
27,9,2025,16,14,90.8,100.0,99.1,176.0,93.71,84.5,Excellent
15,6,2024,21,13,65.94,73.3,118.4,176.0,67.05,72.4,Good
6,5,2025,29,10,38.75,44.61,122.0,176.0,46.18,49.6,Needs Improvement
47,12,2025,19,4,29.47,25.78,63.9,176.0,33.59,29.8,Low Productivity
14,12,2025,23,17,73.0,70.33,136.0,176.0,69.8,75.7,Excellent
11,3,2025,26,12,39.7,58.82,113.0,176.0,43.06,57.0,Needs Improvement
39,11,2025,14,10,67.01,79.78,149.0,176.0,58.38,82.3,Excellent
9,9,2024,16,5,30.37,32.8,109.3,176.0,34.03,37.8,Low Productivity
26,9,2025,18,7,51.95,39.62,119.8,176.0,48.22,47.7,Needs Improvement
16,12,2024,13,8,62.39,56.63,121.9,176.0,59.35,67.7,Good
5,12,2025,17,13,76.51,85.2,116.9,176.0,83.22,70.6,Good
10,10,2024,7,3,51.08,53.61,113.8,176.0,53.03,47.2,Needs Improvement
50,11,2025,25,20,80.14,85.11,143.4,176.0,79.18,80.1,Excellent
3,3,2025,18,7,48.84,47.2,129.2,176.0,53.92,51.2,Needs Improvement
13,6,2024,25,8,25.02,39.43,85.5,176.0,32.39,33.2,Low Productivity
43,2,2025,14,9,77.85,59.92,164.9,176.0,72.85,69.1,Good
49,9,2024,20,11,56.15,55.61,126.9,176.0,52.58,57.7,Needs Improvement
30,8,2025,11,5,56.3,54.8,109.8,176.0,60.36,59.7,Needs Improvement
45,6,2025,8,5,64.03,67.83,118.9,176.0,65.56,64.6,Good
6,11,2024,24,11,54.02,37.22,117.6,176.0,44.71,54.4,Needs Improvement
17,4,2024,27,12,40.67,37.35,115.3,176.0,49.59,46.9,Needs Improvement
45,5,2025,29,23,72.79,84.82,143.8,176.0,70.38,84.8,Excellent
19,8,2024,15,10,85.64,77.81,147.7,176.0,80.61,78.2,Excellent
42,5,2024,20,13,77.93,81.24,124.8,176.0,77.98,75.4,Excellent
35,9,2024,24,21,85.85,78.72,154.5,176.0,90.36,87.1,Excellent
46,5,2024,8,3,51.94,55.54,113.7,176.0,57.61,53.9,Needs Improvement
26,3,2024,26,19,82.34,79.56,165.9,176.0,82.63,84.6,Excellent
5,10,2024,26,20,83.69,71.98,117.2,176.0,96.37,78.4,Excellent
29,11,2025,27,17,64.71,51.61,164.8,176.0,78.82,68.5,Good
37,2,2024,21,18,96.17,93.57,135.6,176.0,98.41,82.6,Excellent
20,6,2025,17,8,51.96,40.65,102.5,176.0,51.65,45.8,Needs Improvement
49,6,2024,15,9,56.58,50.71,124.5,176.0,54.9,57.0,Needs Improvement
21,10,2024,7,5,75.77,81.33,145.4,176.0,75.01,80.1,Excellent
10,4,2024,13,5,34.03,39.31,106.1,176.0,41.51,42.5,Needs Improvement
5,4,2024,10,6,60.98,66.12,138.2,176.0,62.66,63.9,Good
36,3,2025,26,12,48.56,52.7,112.7,176.0,52.91,50.6,Needs Improvement
6,8,2024,25,18,78.86,100.0,130.4,176.0,82.33,84.1,Excellent
26,11,2025,15,6,43.88,45.96,98.3,176.0,46.91,43.5,Needs Improvement
4,8,2025,20,17,87.78,91.11,167.6,176.0,93.22,82.2,Excellent
39,11,2024,23,19,88.58,79.71,155.2,176.0,92.71,86.3,Excellent
39,4,2025,9,3,40.21,47.49,90.6,176.0,42.59,41.0,Needs Improvement
50,8,2025,18,8,47.05,44.14,111.8,176.0,56.27,52.5,Needs Improvement
35,4,2025,21,9,34.52,39.2,97.3,176.0,27.92,41.9,Needs Improvement
1,2,2024,7,5,82.8,70.55,178.7,176.0,84.21,79.3,Excellent
24,9,2025,8,6,76.34,84.42,147.5,176.0,73.7,82.5,Excellent
36,1,2024,20,11,62.33,55.16,97.2,176.0,66.93,51.5,Needs Improvement
6,3,2025,20,18,92.9,87.59,135.3,176.0,84.73,87.3,Excellent
41,1,2024,25,14,66.2,52.03,108.6,176.0,67.36,57.1,Needs Improvement
46,11,2025,29,18,58.64,65.09,135.1,176.0,61.05,64.3,Good
44,4,2024,8,4,52.91,60.94,99.7,176.0,59.02,55.5,Needs Improvement
31,8,2024,23,20,85.5,93.13,129.9,176.0,83.39,86.1,Excellent
20,6,2024,21,11,56.02,40.8,118.8,176.0,69.97,54.2,Needs Improvement
24,10,2024,17,13,81.34,73.58,142.9,176.0,78.41,81.0,Excellent
25,7,2024,26,16,66.91,71.54,123.0,176.0,61.22,69.3,Good
36,3,2025,27,12,45.4,41.38,109.6,176.0,48.43,51.3,Needs Improvement
21,3,2024,28,16,65.36,62.32,107.0,176.0,64.72,65.1,Good
30,10,2025,5,2,51.3,67.57,123.9,176.0,60.51,61.8,Good
24,6,2024,16,12,82.78,57.17,110.1,176.0,74.83,73.5,Good
44,5,2025,8,6,84.02,81.27,143.4,176.0,84.2,80.8,Excellent
42,12,2025,15,12,82.99,86.96,171.7,176.0,87.08,85.5,Excellent
30,3,2024,9,7,89.62,72.93,139.1,176.0,86.28,79.7,Excellent
22,9,2024,6,2,54.38,47.32,97.7,176.0,47.42,54.4,Needs Improvement
28,5,2024,21,13,64.55,52.36,127.8,176.0,71.79,61.7,Good
7,9,2025,12,4,31.94,43.53,106.5,176.0,27.74,45.5,Needs Improvement
35,10,2024,10,9,82.85,85.9,155.8,176.0,88.07,82.2,Excellent
28,8,2025,25,12,53.62,47.11,123.0,176.0,49.0,48.1,Needs Improvement
14,4,2025,13,10,83.75,87.66,158.8,176.0,82.16,89.0,Excellent
10,5,2025,17,5,26.95,35.02,96.9,176.0,30.74,37.6,Low Productivity
16,7,2024,15,8,60.09,66.1,114.1,176.0,61.86,65.7,Good
16,3,2024,20,6,26.86,45.49,93.0,176.0,22.2,34.0,Low Productivity
31,5,2025,20,17,89.38,87.1,139.4,176.0,92.03,86.5,Excellent
42,2,2024,6,3,56.21,70.15,126.9,176.0,45.35,57.6,Needs Improvement
25,12,2024,14,10,75.03,73.62,116.9,176.0,69.02,74.9,Good
13,4,2025,16,10,67.45,76.32,118.4,176.0,76.18,69.4,Good
6,6,2025,12,4,34.26,35.5,109.3,176.0,33.41,40.6,Needs Improvement
44,3,2025,15,7,48.27,56.05,137.5,176.0,51.86,59.5,Needs Improvement
9,10,2024,14,8,64.81,55.59,113.9,176.0,68.25,60.5,Good
45,3,2025,17,4,28.89,37.53,106.7,176.0,27.17,36.6,Low Productivity
36,11,2025,29,19,70.39,77.16,131.2,176.0,70.97,68.0,Good
43,11,2025,21,6,29.13,26.99,110.5,176.0,23.27,39.5,Low Productivity
20,7,2024,11,8,77.65,75.65,140.4,176.0,78.3,77.0,Excellent
18,5,2024,28,18,72.3,59.96,134.4,176.0,69.85,70.2,Good
43,6,2025,7,5,79.21,89.8,184.2,176.0,89.67,84.2,Excellent
21,2,2025,24,6,29.18,32.94,144.9,176.0,25.67,44.2,Needs Improvement
4,3,2024,17,15,89.82,81.08,148.8,176.0,92.38,87.7,Excellent
50,11,2025,23,5,25.81,41.62,85.6,176.0,24.45,39.2,Low Productivity
33,8,2024,11,7,74.8,73.81,140.1,176.0,78.87,77.3,Excellent
27,1,2025,13,3,22.51,27.91,112.9,176.0,15.73,27.6,Low Productivity
7,6,2025,23,11,45.57,60.58,140.6,176.0,44.91,60.6,Good
6,1,2025,17,5,27.35,26.47,70.8,176.0,30.31,33.8,Low Productivity
15,3,2025,26,11,40.51,54.62,109.2,176.0,41.69,51.7,Needs Improvement
18,3,2024,12,8,66.48,57.88,126.2,176.0,68.96,66.5,Good
32,11,2025,26,18,77.89,67.65,123.4,176.0,73.74,70.4,Good
11,9,2025,22,11,55.94,49.35,97.6,176.0,54.21,52.2,Needs Improvement
20,7,2025,27,22,79.29,77.84,142.4,176.0,79.2,84.6,Excellent
24,10,2024,6,2,38.26,28.02,117.7,176.0,42.16,44.5,Needs Improvement
15,6,2025,22,7,33.06,29.38,88.0,176.0,40.05,35.2,Low Productivity
48,4,2025,22,7,33.75,27.77,106.9,176.0,24.46,34.9,Low Productivity
7,7,2024,15,8,53.12,54.27,132.7,176.0,51.52,63.5,Good
21,5,2024,5,1,22.09,40.17,127.6,176.0,18.8,41.9,Needs Improvement
42,2,2025,18,10,63.13,62.94,137.1,176.0,59.27,65.5,Good
26,5,2025,20,14,72.13,71.26,136.3,176.0,73.47,70.2,Good
44,2,2025,15,8,55.95,59.46,127.3,176.0,56.11,54.3,Needs Improvement
14,7,2025,5,1,38.87,30.14,116.2,176.0,33.26,41.7,Needs Improvement
37,9,2025,11,8,73.12,67.96,141.3,176.0,67.26,72.1,Good
21,6,2025,20,13,65.89,54.19,145.4,176.0,68.2,65.1,Good
18,6,2024,18,9,63.78,62.85,119.0,176.0,58.32,62.6,Good
5,4,2024,19,8,46.7,28.81,135.3,176.0,43.23,46.7,Needs Improvement
3,2,2025,18,12,66.32,58.27,128.6,176.0,70.94,65.7,Good
23,5,2024,25,22,95.02,95.38,142.8,176.0,95.88,89.0,Excellent
26,9,2024,15,7,49.03,50.08,113.2,176.0,56.77,54.9,Needs Improvement
37,10,2024,20,8,37.71,53.49,98.9,176.0,37.17,44.0,Needs Improvement
24,2,2025,23,8,39.52,33.92,122.6,176.0,50.69,39.6,Low Productivity
49,4,2025,21,12,65.38,67.4,105.4,176.0,64.46,60.5,Good
19,7,2024,10,7,66.95,71.33,131.7,176.0,72.94,76.0,Excellent
25,4,2024,15,5,30.15,40.46,113.7,176.0,25.95,39.9,Low Productivity
21,3,2025,21,13,62.03,63.79,130.1,176.0,58.78,66.5,Good
12,10,2024,13,7,55.15,64.69,127.9,176.0,63.61,62.0,Good
41,7,2025,22,12,51.51,59.61,124.2,176.0,48.04,59.0,Needs Improvement
33,7,2025,21,13,64.16,66.48,133.8,176.0,63.07,71.2,Good
50,4,2025,16,8,59.59,45.35,108.2,176.0,56.28,54.8,Needs Improvement
4,4,2024,27,9,40.89,37.55,102.4,176.0,46.51,47.1,Needs Improvement
42,4,2025,26,9,36.28,41.64,105.6,176.0,30.24,48.4,Needs Improvement
7,12,2025,26,11,51.29,44.46,122.7,176.0,57.83,55.8,Needs Improvement
22,11,2024,9,6,86.18,76.69,156.1,176.0,87.4,79.7,Excellent
33,6,2024,15,5,41.6,24.08,109.3,176.0,42.53,41.0,Needs Improvement
17,8,2024,8,4,59.65,73.75,140.2,176.0,59.36,72.3,Good
24,6,2025,8,4,69.88,51.13,131.0,176.0,76.14,65.8,Good
34,5,2025,7,6,100.0,91.49,156.1,176.0,98.9,97.9,Outstanding
28,3,2024,28,22,82.57,75.0,156.8,176.0,79.02,85.3,Excellent
43,2,2024,27,18,75.95,72.21,114.2,176.0,78.56,74.6,Good
41,11,2025,29,15,49.11,55.75,129.0,176.0,48.68,54.0,Needs Improvement
39,6,2025,21,11,46.73,62.34,115.4,176.0,56.54,57.9,Needs Improvement
22,3,2024,11,7,59.07,69.56,146.7,176.0,63.63,66.3,Good
49,9,2025,8,3,41.86,54.61,102.8,176.0,43.59,47.7,Needs Improvement
17,8,2025,27,15,56.29,54.22,120.7,176.0,63.46,59.0,Needs Improvement
34,12,2025,17,13,84.8,73.34,120.5,176.0,77.54,77.3,Excellent
6,6,2024,16,4,22.16,27.71,109.2,176.0,24.96,32.4,Low Productivity
46,9,2024,5,2,34.26,32.75,107.0,176.0,34.77,38.0,Low Productivity
6,11,2025,25,21,91.39,84.81,142.0,176.0,90.37,81.7,Excellent
34,6,2025,23,16,64.81,59.58,138.0,176.0,63.4,74.2,Good
1,1,2025,25,17,69.73,64.39,111.8,176.0,75.29,71.4,Good
10,11,2025,24,16,68.94,55.31,124.7,176.0,59.63,66.9,Good
21,11,2024,22,8,33.85,46.77,106.9,176.0,36.21,35.0,Low Productivity
5,4,2024,15,10,73.46,71.46,158.4,176.0,66.31,72.8,Good
2,6,2024,24,10,34.35,59.71,118.5,176.0,33.13,52.4,Needs Improvement
22,3,2025,7,4,77.89,77.62,140.9,176.0,77.64,77.6,Excellent
48,7,2024,21,10,46.77,58.09,119.7,176.0,54.85,53.5,Needs Improvement
2,8,2025,16,14,90.27,90.01,200.0,176.0,87.6,96.8,Outstanding
10,1,2024,14,4,46.6,37.05,120.0,176.0,46.87,43.5,Needs Improvement
34,11,2024,12,4,34.34,33.97,82.4,176.0,28.2,42.5,Needs Improvement
16,8,2025,19,14,72.45,73.41,145.5,176.0,74.97,76.4,Excellent
48,10,2025,9,5,62.71,55.8,140.9,176.0,56.05,61.8,Good
39,1,2024,8,4,53.66,47.53,107.4,176.0,44.77,54.8,Needs Improvement
22,1,2024,25,18,75.92,69.39,140.3,176.0,68.37,76.4,Excellent
12,3,2025,24,14,56.51,65.88,119.6,176.0,55.09,63.4,Good
24,5,2024,23,10,37.44,41.6,103.6,176.0,36.27,42.1,Needs Improvement
47,3,2024,25,12,51.21,42.68,138.9,176.0,56.88,54.9,Needs Improvement
40,4,2025,8,3,40.85,34.99,100.5,176.0,48.46,42.2,Needs Improvement
38,10,2025,19,14,77.14,83.11,131.9,176.0,84.63,81.1,Excellent
10,5,2024,21,16,88.66,81.2,129.1,176.0,94.41,79.8,Excellent
35,12,2024,16,6,39.51,41.56,98.4,176.0,49.89,41.7,Needs Improvement
49,5,2024,7,3,56.0,51.81,113.1,176.0,58.28,53.7,Needs Improvement
32,3,2025,14,11,87.19,92.41,139.5,176.0,89.54,91.8,Outstanding
7,5,2025,19,12,68.59,74.19,113.2,176.0,77.72,66.8,Good
21,2,2024,14,11,78.94,77.66,144.8,176.0,73.37,83.3,Excellent
20,7,2024,28,13,41.97,48.24,81.2,176.0,46.67,42.7,Needs Improvement
26,7,2024,27,18,64.9,78.26,136.2,176.0,64.66,73.1,Good
4,2,2024,22,16,72.59,77.09,153.0,176.0,79.26,72.1,Good
46,4,2024,5,4,94.05,79.42,144.6,176.0,99.96,87.0,Excellent
22,10,2024,7,2,33.9,26.67,112.4,176.0,33.08,35.8,Low Productivity
15,6,2025,25,24,97.9,89.93,153.7,176.0,91.88,90.6,Outstanding
40,2,2025,16,14,97.16,85.21,186.1,176.0,100.0,89.7,Excellent
21,4,2025,5,3,63.28,66.36,145.3,176.0,60.91,67.3,Good
15,1,2025,7,5,68.82,86.56,124.2,176.0,69.43,68.8,Good
22,2,2024,7,3,53.28,50.41,140.2,176.0,47.68,52.8,Needs Improvement
28,1,2024,9,6,65.06,78.92,175.1,176.0,63.26,78.7,Excellent
14,4,2024,23,9,31.19,48.85,108.6,176.0,36.27,39.5,Low Productivity
27,7,2025,29,18,62.28,74.84,137.7,176.0,64.2,64.3,Good
41,9,2025,5,3,60.1,73.84,147.0,176.0,56.34,75.2,Excellent
40,7,2025,8,6,77.28,74.35,127.5,176.0,67.89,81.4,Excellent
28,12,2025,8,4,57.34,41.06,94.6,176.0,60.78,48.4,Needs Improvement
26,8,2024,21,7,40.31,32.65,112.5,176.0,38.23,43.2,Needs Improvement
49,7,2024,18,16,90.01,91.74,140.0,176.0,90.88,86.0,Excellent
2,3,2024,22,15,69.79,63.43,132.2,176.0,69.1,66.8,Good
25,5,2024,5,2,54.32,43.44,140.5,176.0,52.19,48.0,Needs Improvement
3,7,2025,26,16,67.56,53.59,139.1,176.0,70.65,69.5,Good
8,8,2025,20,16,88.76,100.0,156.2,176.0,84.42,91.8,Outstanding
44,8,2025,7,3,61.41,54.7,123.2,176.0,62.16,61.9,Good
33,9,2025,27,15,61.11,70.79,115.4,176.0,63.18,64.4,Good
42,12,2025,25,15,63.33,61.18,119.8,176.0,70.07,63.1,Good
35,11,2024,13,8,61.6,71.43,158.2,176.0,61.86,69.5,Good
6,6,2024,27,17,63.5,63.19,165.3,176.0,57.54,69.7,Good
39,6,2025,8,7,89.69,89.16,167.5,176.0,93.06,94.8,Outstanding
23,3,2024,25,19,72.95,82.55,136.8,176.0,68.51,77.6,Excellent
25,8,2025,9,4,57.95,46.58,103.1,176.0,54.6,58.2,Needs Improvement
50,2,2025,15,6,49.47,31.74,153.9,176.0,46.97,47.4,Needs Improvement
43,6,2025,25,11,43.95,38.1,122.4,176.0,43.02,43.3,Needs Improvement
19,8,2025,13,10,82.92,71.28,148.7,176.0,89.38,75.7,Excellent
5,6,2024,7,4,60.82,58.69,117.5,176.0,64.08,60.0,Good
11,11,2025,10,5,49.25,36.57,131.7,176.0,43.75,56.2,Needs Improvement
12,10,2025,28,22,81.12,81.5,140.1,176.0,88.69,78.7,Excellent
10,8,2025,15,12,80.13,94.13,131.4,176.0,85.43,79.5,Excellent
8,5,2025,13,3,21.72,22.06,95.8,176.0,23.8,29.9,Low Productivity
24,11,2024,19,7,41.17,33.55,117.1,176.0,29.59,47.2,Needs Improvement
28,2,2024,27,19,74.37,87.66,160.5,176.0,70.14,80.2,Excellent
41,10,2024,7,3,63.89,62.19,96.7,176.0,63.93,57.6,Needs Improvement
36,8,2025,5,2,54.28,58.48,105.5,176.0,62.56,56.6,Needs Improvement
37,2,2024,24,12,49.35,46.01,115.2,176.0,55.97,52.0,Needs Improvement
21,9,2025,26,20,82.0,82.06,127.9,176.0,77.18,85.7,Excellent
8,1,2024,23,18,79.25,71.31,143.5,176.0,70.85,81.7,Excellent
9,7,2025,18,10,54.4,47.05,118.7,176.0,53.49,61.9,Good
47,9,2024,21,14,65.81,72.36,136.9,176.0,66.51,79.5,Excellent
15,6,2024,26,14,54.04,51.11,126.5,176.0,47.84,61.0,Good
48,6,2025,18,7,49.12,27.67,94.8,176.0,44.77,41.4,Needs Improvement
46,4,2024,21,14,70.13,72.67,131.2,176.0,80.72,73.5,Good
40,1,2024,29,11,35.75,51.6,100.0,176.0,33.88,51.1,Needs Improvement
18,8,2025,18,12,77.26,73.36,151.5,176.0,75.75,76.4,Excellent
42,3,2024,16,13,77.76,78.31,135.6,176.0,91.89,78.3,Excellent
20,8,2024,20,8,39.77,26.33,107.3,176.0,38.07,46.1,Needs Improvement
6,10,2025,5,3,66.81,62.15,115.2,176.0,61.76,59.5,Needs Improvement
12,5,2024,17,12,83.31,70.56,140.2,176.0,79.76,77.2,Excellent
2,7,2024,10,7,81.05,72.08,141.1,176.0,82.51,80.3,Excellent
7,4,2024,21,15,69.47,60.35,163.0,176.0,67.09,73.7,Good
16,3,2024,16,13,84.37,98.9,146.7,176.0,83.72,89.5,Excellent
3,9,2025,27,14,48.14,46.19,144.2,176.0,47.92,58.8,Needs Improvement
45,7,2024,23,14,75.64,48.64,153.6,176.0,91.38,68.6,Good
3,11,2025,10,3,35.58,47.7,102.0,176.0,39.14,42.0,Needs Improvement
27,12,2025,11,5,55.4,51.64,118.5,176.0,50.64,54.2,Needs Improvement
50,2,2024,5,3,71.77,72.62,130.3,176.0,70.89,72.7,Good
43,12,2025,5,2,57.03,50.48,100.0,176.0,61.04,48.1,Needs Improvement
40,7,2025,9,7,85.05,91.05,185.4,176.0,90.47,95.6,Outstanding
38,2,2024,10,7,69.87,75.87,130.8,176.0,61.85,75.4,Excellent
33,6,2025,20,19,98.65,85.07,144.2,176.0,91.57,91.9,Outstanding
28,7,2025,29,15,57.75,40.68,106.8,176.0,60.1,50.5,Needs Improvement
1,10,2025,20,16,90.91,74.44,134.8,176.0,87.72,80.6,Excellent
8,10,2024,18,13,82.75,70.6,135.2,176.0,78.86,76.0,Excellent
37,12,2025,5,2,61.57,52.71,143.1,176.0,62.5,59.9,Needs Improvement
32,5,2025,17,8,44.3,49.56,145.4,176.0,48.26,57.6,Needs Improvement
48,7,2024,24,14,57.62,58.91,97.7,176.0,56.42,55.4,Needs Improvement
43,5,2025,14,5,34.69,33.63,135.1,176.0,24.97,41.6,Needs Improvement
37,3,2025,28,18,66.08,69.99,158.6,176.0,63.44,75.5,Excellent
4,5,2024,14,9,59.81,75.09,126.2,176.0,54.01,73.9,Good
30,9,2025,13,9,76.45,63.16,122.0,176.0,79.26,70.2,Good
6,10,2024,17,10,56.51,50.69,137.1,176.0,66.76,58.2,Needs Improvement
46,4,2024,7,3,46.1,53.28,111.9,176.0,47.54,57.4,Needs Improvement
19,7,2024,22,13,58.73,57.39,151.1,176.0,60.93,65.2,Good
32,1,2024,24,9,31.45,44.85,117.9,176.0,35.51,44.6,Needs Improvement
9,9,2024,6,4,76.62,65.52,127.4,176.0,83.36,76.5,Excellent
12,8,2025,21,11,48.09,43.27,126.7,176.0,45.18,55.9,Needs Improvement
11,8,2024,23,17,79.87,72.3,142.9,176.0,79.61,76.3,Excellent
46,3,2025,27,15,61.6,61.13,96.8,176.0,66.34,53.8,Needs Improvement
16,5,2025,17,9,53.77,53.71,110.4,176.0,49.06,55.6,Needs Improvement
1,3,2025,17,6,37.28,40.16,102.8,176.0,29.73,44.9,Needs Improvement
45,12,2025,5,4,87.31,87.36,158.7,176.0,84.99,91.2,Outstanding
21,3,2024,6,4,77.67,91.2,155.0,176.0,83.95,81.3,Excellent
30,6,2025,5,3,73.48,79.44,158.6,176.0,74.18,77.1,Excellent
13,4,2024,28,22,80.5,67.98,133.6,176.0,78.17,67.5,Good
34,6,2024,9,5,58.42,72.55,110.0,176.0,63.5,66.2,Good
4,3,2025,28,14,49.8,57.73,109.7,176.0,52.56,50.3,Needs Improvement
28,4,2024,7,4,58.82,66.71,115.8,176.0,54.94,60.5,Good
38,6,2024,11,6,55.94,51.54,112.6,176.0,54.99,53.7,Needs Improvement
31,2,2024,28,16,46.0,51.82,127.1,176.0,40.88,59.4,Needs Improvement
27,3,2025,26,12,51.0,47.17,128.7,176.0,51.72,54.5,Needs Improvement
5,12,2024,17,12,82.05,77.16,134.5,176.0,85.23,75.3,Excellent
25,2,2025,27,12,45.2,57.54,126.0,176.0,32.91,55.0,Needs Improvement
3,12,2024,22,9,35.66,49.43,130.0,176.0,30.56,51.8,Needs Improvement
33,4,2024,28,15,51.74,56.76,124.3,176.0,60.14,59.0,Needs Improvement
4,8,2025,25,23,89.39,92.33,137.6,176.0,87.71,79.1,Excellent
25,10,2025,11,5,54.47,48.6,114.6,176.0,62.77,60.0,Needs Improvement
20,12,2025,5,4,83.92,86.23,166.8,176.0,77.54,90.2,Outstanding
34,8,2024,9,2,25.73,32.96,111.5,176.0,23.08,39.1,Low Productivity
26,5,2024,21,6,41.46,21.45,90.4,176.0,42.54,33.3,Low Productivity
5,12,2024,12,10,91.72,90.98,170.4,176.0,90.12,89.5,Excellent
35,11,2024,19,13,73.41,80.78,133.0,176.0,79.74,73.7,Good
28,10,2025,24,21,90.28,81.7,136.5,176.0,89.69,91.8,Outstanding
29,12,2024,8,6,86.53,97.2,144.8,176.0,90.09,85.7,Excellent
9,9,2024,6,4,73.38,62.74,114.2,176.0,67.92,68.1,Good
38,4,2024,9,4,56.53,43.22,127.6,176.0,57.85,58.7,Needs Improvement
50,1,2025,5,4,99.02,97.41,168.5,176.0,97.45,93.4,Outstanding
6,4,2024,29,20,73.05,83.1,122.2,176.0,68.04,74.3,Good
19,6,2024,9,4,48.68,51.72,116.6,176.0,51.01,49.0,Needs Improvement
44,12,2025,10,4,47.07,48.9,130.1,176.0,53.88,58.4,Needs Improvement
11,12,2024,6,2,30.64,47.77,86.8,176.0,27.66,37.4,Low Productivity
2,10,2025,5,4,82.16,70.54,126.9,176.0,84.27,76.5,Excellent
47,11,2025,8,2,26.07,19.48,103.1,176.0,24.99,23.4,Low Productivity
44,5,2024,11,9,86.06,74.23,147.5,176.0,86.6,83.4,Excellent
44,8,2025,26,20,81.2,70.46,142.5,176.0,85.4,76.9,Excellent
9,9,2024,5,4,83.85,75.43,143.3,176.0,91.05,79.1,Excellent
21,7,2025,5,3,66.95,70.63,114.1,176.0,73.16,62.5,Good
24,5,2025,12,4,37.27,43.23,83.9,176.0,33.52,41.7,Needs Improvement
34,12,2025,24,14,69.28,69.02,109.6,176.0,62.56,59.5,Needs Improvement
22,4,2024,20,8,40.65,49.61,121.6,176.0,30.59,44.3,Needs Improvement
3,7,2025,25,15,54.6,54.11,143.7,176.0,57.77,61.6,Good
12,3,2024,17,4,27.54,27.48,98.2,176.0,24.91,35.7,Low Productivity
28,6,2025,27,9,37.96,29.41,118.9,176.0,43.27,40.7,Needs Improvement
30,3,2024,28,8,35.23,36.24,96.0,176.0,30.06,38.9,Low Productivity
26,1,2024,27,20,70.03,76.36,135.3,176.0,72.26,73.1,Good
48,3,2025,22,16,67.15,81.73,153.6,176.0,58.3,75.4,Excellent
21,6,2024,24,21,92.64,100.0,160.0,176.0,95.16,96.3,Outstanding
28,5,2024,14,8,64.9,63.66,133.8,176.0,66.85,70.2,Good
26,12,2024,16,8,52.39,45.35,121.1,176.0,46.89,57.9,Needs Improvement
33,2,2025,5,2,52.48,32.2,98.8,176.0,53.44,47.5,Needs Improvement
21,1,2025,14,7,54.31,47.18,124.8,176.0,64.65,56.8,Needs Improvement
35,7,2025,13,6,53.79,56.17,122.8,176.0,57.23,51.1,Needs Improvement
34,4,2024,7,2,37.7,37.18,139.8,176.0,52.47,42.7,Needs Improvement
41,9,2025,23,16,67.98,75.27,137.6,176.0,68.74,71.6,Good
47,9,2024,13,6,48.28,55.77,116.6,176.0,51.17,55.5,Needs Improvement
18,7,2024,14,12,83.91,96.07,156.5,176.0,81.53,92.5,Outstanding
11,3,2024,23,17,79.82,65.21,163.9,176.0,81.05,77.1,Excellent
23,6,2024,20,7,37.14,44.54,114.6,176.0,32.26,36.9,Low Productivity
48,9,2024,28,19,77.51,73.87,133.9,176.0,82.04,77.7,Excellent
22,6,2025,22,17,80.97,66.46,130.6,176.0,76.94,72.3,Good
17,6,2025,18,15,77.69,86.87,134.9,176.0,86.02,79.5,Excellent
5,12,2025,7,4,68.45,60.34,148.3,176.0,61.72,72.3,Good
44,6,2024,6,4,64.52,79.15,135.7,176.0,63.0,72.8,Good
11,6,2024,5,2,56.49,55.98,154.1,176.0,55.24,62.1,Good
30,11,2025,22,9,56.39,34.36,115.2,176.0,50.8,48.8,Needs Improvement
15,4,2024,28,22,82.58,85.23,152.9,176.0,83.75,84.3,Excellent
27,3,2025,13,7,59.19,64.66,118.2,176.0,56.53,61.1,Good
35,12,2024,17,15,89.59,85.09,139.4,176.0,96.61,86.8,Excellent
33,4,2025,6,5,91.85,96.33,163.5,176.0,87.79,99.5,Outstanding
20,11,2025,11,3,28.21,26.77,121.1,176.0,30.32,40.1,Needs Improvement
16,5,2024,20,13,70.97,74.88,119.4,176.0,70.54,73.1,Good
34,3,2025,25,11,43.64,46.73,107.0,176.0,42.57,50.6,Needs Improvement
2,9,2024,23,8,35.32,48.36,101.3,176.0,35.77,49.4,Needs Improvement
35,8,2025,29,14,44.12,43.28,130.6,176.0,47.67,55.1,Needs Improvement
40,6,2024,19,8,42.42,35.5,119.5,176.0,32.98,50.0,Needs Improvement
28,11,2025,26,11,39.98,39.21,114.9,176.0,40.22,51.1,Needs Improvement
47,10,2025,15,6,53.18,46.93,105.0,176.0,49.05,52.7,Needs Improvement
39,2,2024,5,4,95.84,96.78,182.5,176.0,92.09,100.0,Outstanding
6,7,2025,25,22,80.55,92.69,167.0,176.0,81.77,89.2,Excellent
9,10,2025,11,8,67.8,64.17,108.9,176.0,73.3,73.8,Good
20,12,2024,24,17,71.72,65.3,149.7,176.0,79.47,72.6,Good
1,12,2025,12,6,56.13,63.03,118.0,176.0,53.22,55.8,Needs Improvement
8,11,2024,14,11,85.28,86.48,137.8,176.0,71.03,84.9,Excellent
23,9,2025,9,5,60.91,70.01,143.5,176.0,61.26,68.4,Good
3,2,2024,13,7,58.06,58.87,134.0,176.0,48.96,60.1,Good
4,10,2024,29,20,67.49,73.29,138.1,176.0,69.7,69.7,Good
25,2,2025,29,24,88.03,81.39,134.7,176.0,83.53,83.4,Excellent
47,7,2024,5,2,57.59,42.21,140.8,176.0,59.31,58.5,Needs Improvement
38,5,2024,6,2,41.24,51.76,96.2,176.0,36.97,43.3,Needs Improvement
15,7,2025,23,5,21.93,26.69,111.8,176.0,16.11,31.6,Low Productivity
21,6,2025,18,6,34.82,31.58,111.3,176.0,29.12,43.6,Needs Improvement
35,9,2024,24,17,72.17,72.14,137.2,176.0,74.16,65.6,Good
46,4,2024,14,6,52.75,42.32,108.6,176.0,46.14,48.9,Needs Improvement
14,4,2025,13,9,70.52,81.58,138.1,176.0,73.25,74.6,Good
36,5,2024,14,10,73.49,80.55,119.5,176.0,82.38,76.7,Excellent
12,3,2025,10,7,69.88,62.77,156.1,176.0,78.23,72.0,Good
17,7,2024,21,7,45.33,26.55,103.4,176.0,37.34,39.2,Low Productivity
39,6,2024,29,13,50.71,48.59,106.9,176.0,43.97,52.6,Needs Improvement
9,5,2025,10,9,96.72,92.9,150.5,176.0,99.13,91.7,Outstanding
35,5,2024,8,7,92.11,92.52,145.1,176.0,86.77,94.3,Outstanding
13,5,2024,24,21,89.01,88.12,170.1,176.0,92.11,92.3,Outstanding
15,12,2024,7,5,84.9,73.73,117.1,176.0,76.34,78.8,Excellent
18,3,2024,27,22,77.4,88.82,146.7,176.0,77.05,84.2,Excellent
33,8,2024,23,8,42.64,39.64,131.7,176.0,47.36,51.3,Needs Improvement
6,11,2024,22,9,48.18,54.53,116.6,176.0,40.42,50.4,Needs Improvement
27,10,2025,28,18,68.43,71.88,135.6,176.0,67.85,66.7,Good
23,3,2024,8,3,43.57,40.66,117.5,176.0,42.92,48.5,Needs Improvement
27,11,2024,12,7,63.14,60.54,117.1,176.0,66.17,60.7,Good
34,7,2024,21,11,59.68,51.67,131.3,176.0,56.34,58.2,Needs Improvement
46,6,2024,9,7,81.88,77.85,145.4,176.0,74.74,88.2,Excellent
38,6,2025,17,9,51.24,40.3,125.8,176.0,38.62,51.4,Needs Improvement
14,4,2024,29,14,44.57,67.72,128.0,176.0,51.2,57.6,Needs Improvement
36,10,2024,5,4,94.53,87.32,160.1,176.0,98.7,86.2,Excellent
8,12,2025,17,6,39.73,39.22,113.6,176.0,39.61,50.4,Needs Improvement
35,7,2025,8,4,70.45,61.59,141.3,176.0,70.19,59.5,Needs Improvement
19,3,2025,26,20,73.06,81.62,159.8,176.0,75.18,81.9,Excellent
30,3,2024,28,10,34.88,19.06,123.2,176.0,39.71,35.4,Low Productivity
14,4,2025,18,10,61.17,59.78,144.7,176.0,51.08,60.8,Good
20,5,2025,7,2,40.04,50.88,129.7,176.0,31.14,45.7,Needs Improvement
49,2,2025,9,6,77.93,73.13,121.8,176.0,68.3,70.6,Good
25,9,2025,11,8,78.83,91.49,184.1,176.0,77.1,87.8,Excellent
40,10,2024,5,2,48.28,46.77,119.6,176.0,49.19,47.4,Needs Improvement
24,7,2025,27,14,54.38,50.98,119.4,176.0,59.44,59.1,Needs Improvement
14,5,2024,16,12,82.34,78.25,144.2,176.0,67.78,83.4,Excellent
26,12,2025,15,7,48.47,51.55,98.9,176.0,41.78,56.7,Needs Improvement
38,7,2025,28,11,37.9,40.24,115.6,176.0,38.55,40.2,Needs Improvement
23,8,2025,12,9,78.62,70.52,128.2,176.0,79.89,71.9,Good
22,12,2025,29,18,70.53,51.76,131.2,176.0,69.53,62.4,Good
48,9,2025,10,5,49.92,57.58,124.6,176.0,44.29,55.4,Needs Improvement
19,10,2024,26,18,74.08,73.64,129.4,176.0,70.58,75.8,Excellent
46,10,2025,6,4,66.36,81.57,107.5,176.0,65.68,70.7,Good
3,7,2025,23,14,66.3,63.26,134.9,176.0,57.72,63.9,Good
42,4,2025,24,18,67.22,63.31,140.3,176.0,62.95,70.8,Good
19,3,2024,24,14,57.6,61.91,130.4,176.0,50.7,62.5,Good
9,3,2024,28,17,61.37,64.84,125.1,176.0,63.88,64.7,Good
28,7,2024,18,10,59.04,57.31,118.8,176.0,54.47,58.7,Needs Improvement
20,12,2024,5,2,46.67,64.31,124.3,176.0,40.13,57.0,Needs Improvement
45,9,2024,14,7,66.52,60.37,127.2,176.0,63.93,64.8,Good
7,10,2024,20,14,61.99,64.89,149.7,176.0,65.75,68.1,Good
14,1,2025,8,4,61.25,55.12,114.9,176.0,61.13,61.8,Good
9,5,2024,15,5,30.41,45.64,121.4,176.0,35.92,44.9,Needs Improvement
19,8,2025,20,6,25.6,23.99,115.3,176.0,30.35,32.8,Low Productivity
47,10,2024,24,9,40.71,38.64,119.8,176.0,36.96,47.0,Needs Improvement
14,11,2025,5,1,38.63,36.99,135.6,176.0,39.3,42.5,Needs Improvement
38,7,2025,20,17,83.94,80.08,125.1,176.0,89.43,84.0,Excellent
36,7,2024,23,16,64.24,68.99,165.1,176.0,61.82,70.9,Good
40,9,2024,25,13,48.21,53.64,113.9,176.0,49.41,55.5,Needs Improvement
17,11,2024,26,23,90.66,87.0,155.3,176.0,86.15,88.7,Excellent
30,5,2025,13,10,72.12,65.11,142.5,176.0,70.99,72.1,Good
9,9,2025,13,5,47.3,40.86,92.6,176.0,46.01,43.6,Needs Improvement
33,3,2024,13,4,28.85,29.67,115.6,176.0,31.99,36.5,Low Productivity
25,12,2024,21,11,56.9,62.72,136.3,176.0,54.98,65.0,Good
14,11,2025,16,8,62.37,57.97,130.0,176.0,63.44,58.8,Needs Improvement
11,7,2025,29,18,65.58,59.02,110.0,176.0,67.49,63.0,Good
35,5,2025,17,13,68.66,74.45,123.5,176.0,64.72,67.3,Good
41,8,2024,12,7,66.76,65.76,121.3,176.0,64.74,64.2,Good
14,5,2024,20,19,96.36,94.41,177.2,176.0,98.67,99.1,Outstanding
30,7,2024,22,16,75.13,63.22,141.7,176.0,84.33,74.7,Good
41,12,2024,5,3,76.62,71.03,104.9,176.0,70.33,70.4,Good
4,10,2024,5,2,58.97,62.92,157.9,176.0,61.59,65.9,Good
4,1,2024,16,13,86.66,90.02,169.8,176.0,92.73,89.3,Excellent
28,6,2025,10,6,63.95,74.77,117.5,176.0,64.43,72.7,Good
8,6,2024,13,6,45.65,40.43,111.5,176.0,41.13,45.6,Needs Improvement
2,5,2024,27,16,66.11,66.77,124.1,176.0,65.85,68.9,Good
41,9,2024,9,6,71.14,61.32,144.2,176.0,66.3,68.0,Good
46,1,2025,20,10,51.76,53.19,123.2,176.0,49.24,56.2,Needs Improvement
22,2,2024,22,10,53.47,42.8,108.6,176.0,55.4,48.1,Needs Improvement
41,3,2024,21,13,71.68,66.87,150.5,176.0,71.37,72.9,Good
16,4,2025,22,14,59.7,53.42,158.5,176.0,60.68,62.4,Good
29,7,2025,5,3,68.0,74.8,135.6,176.0,62.16,69.4,Good
49,1,2024,23,18,88.82,75.23,136.6,176.0,85.76,80.3,Excellent
48,3,2024,26,15,69.7,63.6,151.7,176.0,72.77,65.6,Good
30,6,2024,12,7,57.12,61.41,93.8,176.0,48.74,55.8,Needs Improvement
12,7,2025,7,4,71.57,73.29,122.8,176.0,64.94,70.8,Good
35,9,2025,29,13,47.84,46.47,131.6,176.0,46.31,48.5,Needs Improvement
11,12,2024,9,3,38.15,27.64,130.5,176.0,35.56,42.7,Needs Improvement
46,10,2025,27,14,55.91,66.6,118.9,176.0,59.76,61.6,Good
50,3,2025,12,6,61.01,53.15,157.6,176.0,49.04,57.6,Needs Improvement
21,3,2024,23,12,46.78,54.73,88.0,176.0,46.37,53.3,Needs Improvement
21,6,2025,22,12,52.17,66.53,140.8,176.0,59.03,63.1,Good
5,5,2024,22,14,68.78,58.48,133.8,176.0,70.42,67.8,Good
48,7,2024,25,16,61.68,63.78,124.0,176.0,54.01,65.2,Good
20,1,2025,5,2,51.99,51.92,133.6,176.0,64.13,57.3,Needs Improvement
37,1,2025,19,7,43.02,35.74,104.2,176.0,40.29,43.6,Needs Improvement
3,8,2025,22,6,39.24,33.42,88.7,176.0,27.07,38.0,Low Productivity
44,6,2025,29,10,36.85,30.82,110.1,176.0,40.91,41.1,Needs Improvement
33,11,2025,11,5,57.29,49.29,119.1,176.0,53.25,59.4,Needs Improvement
9,10,2024,20,8,45.2,45.54,103.9,176.0,54.55,51.7,Needs Improvement
9,1,2024,20,11,54.59,67.05,116.3,176.0,58.2,60.2,Good
4,9,2024,19,7,29.86,50.82,103.9,176.0,40.51,41.8,Needs Improvement
35,1,2025,10,4,42.65,49.03,93.7,176.0,37.39,51.9,Needs Improvement
17,4,2024,13,4,35.79,45.36,83.3,176.0,42.18,47.3,Needs Improvement
34,6,2025,11,4,37.47,31.55,123.9,176.0,33.41,42.4,Needs Improvement
24,6,2024,18,12,70.51,87.37,114.1,176.0,72.23,74.7,Good
32,2,2025,15,11,83.6,72.46,139.3,176.0,84.46,75.7,Excellent
1,5,2024,25,9,43.13,39.11,83.5,176.0,50.07,43.3,Needs Improvement
8,9,2024,20,9,53.21,53.44,141.9,176.0,57.26,51.4,Needs Improvement
45,2,2025,29,18,72.22,69.9,126.4,176.0,69.9,66.8,Good
23,9,2025,10,8,85.26,85.67,166.4,176.0,90.7,90.0,Outstanding
47,4,2025,26,14,52.02,38.5,155.4,176.0,51.56,54.2,Needs Improvement
40,6,2025,20,7,45.01,44.14,91.8,176.0,48.48,45.7,Needs Improvement
12,9,2025,24,19,82.71,73.0,134.0,176.0,84.19,79.7,Excellent
12,6,2025,20,6,33.96,40.38,120.4,176.0,32.9,44.3,Needs Improvement
46,5,2025,16,8,55.92,62.24,115.5,176.0,49.3,58.0,Needs Improvement
47,1,2024,21,18,86.9,89.3,154.6,176.0,87.92,90.3,Outstanding
15,10,2025,9,3,34.93,42.67,109.9,176.0,31.56,48.1,Needs Improvement
41,12,2024,29,16,55.26,51.35,89.1,176.0,49.11,51.9,Needs Improvement
19,4,2024,17,9,52.94,65.42,137.7,176.0,57.09,59.6,Needs Improvement
26,8,2024,12,11,98.0,96.53,154.1,176.0,94.84,94.1,Outstanding
29,6,2025,28,19,74.87,69.65,119.0,176.0,65.84,71.6,Good
22,6,2024,9,6,74.6,86.56,165.1,176.0,74.62,79.3,Excellent
40,6,2025,16,11,78.68,68.84,128.8,176.0,77.92,72.2,Good
21,9,2025,13,10,73.71,63.23,132.7,176.0,73.4,78.0,Excellent
38,10,2025,7,3,58.03,45.53,97.4,176.0,57.71,56.9,Needs Improvement
20,5,2025,7,5,79.71,88.42,150.5,176.0,74.68,79.1,Excellent
29,1,2025,5,2,42.38,44.8,114.9,176.0,40.38,53.3,Needs Improvement
4,4,2024,29,8,30.16,31.23,77.8,176.0,35.35,31.8,Low Productivity
7,3,2024,26,24,93.05,100.0,159.1,176.0,97.32,95.7,Outstanding
28,8,2024,22,18,83.25,88.15,161.0,176.0,81.48,87.1,Excellent
28,4,2024,28,24,87.13,84.93,156.6,176.0,90.06,89.7,Excellent
4,5,2024,16,11,68.34,67.56,156.7,176.0,68.8,69.8,Good
22,7,2024,13,12,100.0,85.93,147.2,176.0,98.35,90.0,Excellent
12,1,2024,13,8,55.2,57.17,159.1,176.0,61.43,63.7,Good
45,10,2025,22,20,94.76,96.83,156.4,176.0,90.28,91.2,Outstanding
3,1,2024,22,16,65.07,73.33,151.7,176.0,66.6,72.5,Good
22,3,2024,11,8,76.4,85.62,164.5,176.0,68.08,81.5,Excellent
44,11,2024,8,4,58.57,60.77,168.9,176.0,60.37,69.5,Good
2,1,2025,17,13,86.33,71.12,127.5,176.0,83.03,76.2,Excellent
24,9,2025,21,8,48.07,44.27,102.8,176.0,46.17,46.4,Needs Improvement
34,11,2024,28,22,79.9,81.02,146.5,176.0,78.45,75.2,Excellent
27,9,2024,6,4,73.48,73.3,133.0,176.0,62.39,76.7,Excellent
41,3,2025,18,15,90.91,86.98,136.5,176.0,82.84,80.3,Excellent
1,3,2025,7,5,86.6,96.67,121.9,176.0,90.75,84.0,Excellent
8,10,2025,9,5,61.89,55.23,133.7,176.0,62.42,68.0,Good
23,1,2024,18,13,78.97,67.95,152.4,176.0,86.26,81.2,Excellent
38,6,2025,7,4,56.02,47.19,133.9,176.0,49.18,55.3,Needs Improvement
6,10,2025,27,13,49.42,52.11,96.6,176.0,53.67,51.3,Needs Improvement
22,9,2025,11,6,60.42,41.96,101.9,176.0,62.73,56.6,Needs Improvement
25,11,2024,22,9,40.18,45.27,115.7,176.0,46.01,46.5,Needs Improvement
18,6,2025,17,10,60.38,61.71,126.1,176.0,59.84,66.8,Good
17,4,2025,27,20,66.08,69.78,134.7,176.0,66.65,65.9,Good
12,7,2024,26,8,36.79,38.31,103.5,176.0,32.4,41.2,Needs Improvement
6,4,2024,14,10,73.98,80.77,135.2,176.0,72.63,79.1,Excellent
26,1,2024,29,14,44.87,61.81,121.4,176.0,42.41,51.9,Needs Improvement
27,4,2025,17,12,79.37,77.5,154.6,176.0,72.74,80.6,Excellent
8,4,2025,20,12,58.73,61.66,115.7,176.0,59.41,59.0,Needs Improvement
19,9,2024,13,8,72.36,50.35,141.7,176.0,77.07,72.0,Good
42,6,2025,6,1,33.59,35.53,103.7,176.0,39.49,36.3,Low Productivity
1,3,2025,27,15,60.53,63.44,98.0,176.0,56.48,58.2,Needs Improvement
29,10,2025,9,6,65.82,77.66,123.8,176.0,65.64,67.0,Good
45,8,2024,26,19,73.03,56.86,140.3,176.0,72.35,70.0,Good
49,11,2024,21,13,60.54,66.74,164.5,176.0,67.91,68.2,Good
35,4,2025,27,20,66.06,80.14,129.0,176.0,74.99,75.0,Excellent
40,11,2025,26,7,31.01,36.76,92.6,176.0,24.49,36.2,Low Productivity
14,1,2024,8,4,56.72,58.15,128.9,176.0,59.15,58.9,Needs Improvement
35,8,2024,21,18,90.63,88.73,148.9,176.0,93.28,88.6,Excellent
48,5,2024,13,8,49.63,55.67,112.1,176.0,48.63,55.6,Needs Improvement
45,5,2024,24,11,48.91,48.86,93.8,176.0,42.59,47.0,Needs Improvement
20,2,2025,6,3,66.27,66.23,102.6,176.0,69.79,67.2,Good
49,2,2025,28,15,62.19,62.02,137.4,176.0,68.27,60.8,Good
13,10,2024,22,15,73.66,59.48,122.3,176.0,70.93,69.6,Good
38,9,2024,25,19,79.23,80.62,178.2,176.0,85.21,76.7,Excellent
49,12,2025,26,16,61.48,53.09,124.0,176.0,61.5,63.6,Good
46,7,2025,15,9,67.99,68.22,144.4,176.0,75.1,73.7,Good
49,3,2024,17,8,48.35,40.35,102.2,176.0,55.45,49.1,Needs Improvement
8,7,2025,12,6,50.9,43.01,126.5,176.0,50.79,54.9,Needs Improvement
43,1,2025,5,3,63.04,83.31,156.3,176.0,65.13,80.0,Excellent
20,3,2025,21,8,33.63,27.3,105.4,176.0,30.12,39.8,Low Productivity
33,1,2025,16,9,58.68,51.96,109.4,176.0,50.56,55.1,Needs Improvement
26,1,2025,8,6,69.6,76.38,135.6,176.0,70.85,73.9,Good
39,10,2025,25,22,89.94,74.75,149.9,176.0,82.61,83.9,Excellent
21,2,2024,17,13,87.4,87.15,129.9,176.0,97.87,85.3,Excellent
49,8,2024,13,10,74.41,75.97,170.1,176.0,80.1,85.6,Excellent
42,10,2024,11,3,32.3,21.89,104.3,176.0,31.54,37.5,Low Productivity
43,7,2025,27,21,80.92,85.58,161.8,176.0,94.26,81.1,Excellent
41,9,2024,28,19,68.65,59.42,152.2,176.0,65.5,70.6,Good
9,4,2024,9,4,52.28,52.75,144.9,176.0,50.32,59.4,Needs Improvement
24,12,2025,9,5,60.95,62.08,110.6,176.0,58.93,58.4,Needs Improvement
37,9,2024,21,14,71.72,68.2,143.9,176.0,71.4,74.2,Good
49,3,2024,13,6,42.73,47.62,110.9,176.0,41.18,52.4,Needs Improvement
41,2,2024,10,8,94.45,86.04,145.9,176.0,96.74,88.5,Excellent
17,1,2025,29,21,80.08,54.68,122.1,176.0,75.09,71.5,Good
24,2,2024,23,13,48.11,52.27,162.3,176.0,48.75,61.6,Good
21,3,2025,20,15,85.48,72.31,132.7,176.0,82.77,75.6,Excellent
39,1,2024,25,14,53.82,65.57,135.2,176.0,54.14,65.9,Good
41,12,2024,6,3,71.11,65.22,111.9,176.0,65.69,65.8,Good
39,10,2024,14,5,41.51,36.55,105.4,176.0,37.18,40.6,Needs Improvement
13,10,2024,20,16,74.98,95.26,160.2,176.0,85.61,85.6,Excellent
11,8,2025,9,2,29.35,10.28,106.4,176.0,24.74,30.2,Low Productivity
46,4,2024,19,15,76.76,91.58,130.1,176.0,79.38,79.7,Excellent
19,6,2024,17,8,51.45,48.85,108.3,176.0,48.76,53.5,Needs Improvement
11,6,2025,17,9,58.18,51.91,128.8,176.0,53.09,65.3,Good
13,1,2024,17,4,22.2,21.57,100.4,176.0,22.52,26.6,Low Productivity
46,2,2024,19,7,33.37,36.07,92.4,176.0,29.03,36.6,Low Productivity
45,6,2024,18,13,77.17,88.02,135.1,176.0,79.76,83.1,Excellent
1,8,2024,12,5,49.72,49.32,115.7,176.0,49.1,54.4,Needs Improvement
40,12,2024,15,9,63.19,69.47,139.7,176.0,69.87,73.3,Good
44,4,2025,22,11,48.42,46.35,137.0,176.0,41.89,60.8,Good
19,7,2025,28,21,75.09,78.4,152.1,176.0,76.47,81.3,Excellent
12,3,2025,8,6,77.22,89.98,151.3,176.0,79.08,80.6,Excellent
8,8,2024,14,11,87.4,92.73,152.4,176.0,82.42,88.4,Excellent
8,10,2024,5,2,32.96,33.03,122.2,176.0,29.64,43.0,Needs Improvement
45,7,2024,9,6,81.86,83.57,156.0,176.0,74.74,83.5,Excellent
12,9,2024,17,15,90.08,89.29,177.7,176.0,82.28,90.0,Outstanding
48,6,2025,5,2,43.5,43.81,98.1,176.0,42.9,46.8,Needs Improvement
33,11,2025,27,13,53.43,46.11,113.5,176.0,57.47,54.9,Needs Improvement
45,8,2024,12,6,58.2,69.82,141.2,176.0,57.54,66.2,Good
26,8,2024,7,4,57.72,61.76,112.8,176.0,57.28,62.0,Good
39,8,2025,7,3,50.08,39.84,96.2,176.0,43.58,48.7,Needs Improvement
28,3,2025,11,6,49.38,54.04,116.7,176.0,38.87,54.7,Needs Improvement
5,2,2025,8,4,62.15,62.51,125.6,176.0,63.86,62.8,Good
8,9,2025,7,2,34.51,45.9,104.9,176.0,31.21,44.2,Needs Improvement
25,3,2024,19,14,74.05,76.32,146.1,176.0,65.04,80.4,Excellent
27,8,2025,12,4,46.58,36.32,107.3,176.0,43.85,46.8,Needs Improvement
46,6,2025,7,3,67.58,64.07,120.0,176.0,68.83,61.3,Good
23,11,2025,11,5,53.18,48.06,96.8,176.0,55.2,54.1,Needs Improvement
30,11,2024,22,13,56.61,58.77,139.7,176.0,57.6,68.3,Good
45,12,2024,15,6,50.69,66.62,126.3,176.0,47.21,58.7,Needs Improvement
47,3,2025,15,8,58.8,62.02,124.4,176.0,61.77,61.1,Good
23,6,2024,21,14,64.72,69.38,138.3,176.0,64.62,67.3,Good
49,5,2024,10,6,65.01,60.36,133.3,176.0,60.63,59.7,Needs Improvement
47,7,2024,12,4,32.72,37.58,127.2,176.0,27.13,47.5,Needs Improvement
20,7,2024,5,1,37.7,46.71,112.7,176.0,38.68,40.8,Needs Improvement
18,8,2024,14,7,50.56,61.79,104.1,176.0,54.9,53.6,Needs Improvement
18,6,2024,29,24,73.41,78.06,175.2,176.0,76.38,83.6,Excellent
2,6,2024,23,11,39.77,45.44,137.8,176.0,40.59,52.7,Needs Improvement
4,6,2025,7,2,34.3,26.81,110.6,176.0,37.46,43.6,Needs Improvement
30,8,2025,8,5,68.51,68.11,135.1,176.0,80.37,70.3,Good
33,2,2024,15,10,75.13,37.12,139.4,176.0,76.57,63.4,Good
36,7,2024,19,14,82.09,62.62,128.4,176.0,82.88,72.1,Good
18,10,2024,5,3,56.73,65.03,148.2,176.0,59.45,62.4,Good
37,10,2024,13,3,28.46,8.58,118.8,176.0,32.21,36.0,Low Productivity
19,9,2024,15,7,48.41,69.73,119.9,176.0,41.73,61.4,Good
47,11,2024,23,6,29.3,22.74,114.0,176.0,30.19,35.8,Low Productivity
28,12,2025,17,9,63.45,60.27,140.8,176.0,68.47,67.8,Good
40,5,2024,20,11,59.08,68.42,130.0,176.0,67.81,67.3,Good
20,6,2025,8,5,70.34,68.15,117.3,176.0,70.44,69.2,Good
49,6,2025,5,2,68.53,57.43,136.3,176.0,66.26,63.6,Good
33,2,2024,24,18,69.83,73.11,143.0,176.0,70.66,75.8,Excellent
12,4,2024,17,14,83.72,75.55,132.5,176.0,80.5,76.4,Excellent
15,1,2024,5,3,75.48,68.82,153.6,176.0,83.33,78.4,Excellent
41,2,2025,9,5,65.22,64.71,134.7,176.0,67.62,66.3,Good
39,2,2025,9,5,68.98,63.53,127.5,176.0,68.72,69.7,Good
2,6,2024,18,11,64.69,58.97,164.4,176.0,70.26,71.9,Good
29,1,2024,27,15,58.73,66.2,118.0,176.0,52.96,62.2,Good
41,12,2024,18,12,64.76,57.1,120.7,176.0,54.4,67.5,Good
10,9,2024,12,6,60.41,59.85,126.4,176.0,62.52,58.4,Needs Improvement
2,3,2024,8,6,81.45,88.04,142.7,176.0,86.82,78.5,Excellent
11,9,2025,11,6,63.97,58.86,117.2,176.0,63.26,60.3,Good
13,11,2025,24,13,64.36,70.62,147.0,176.0,60.96,68.6,Good
10,9,2024,23,13,51.94,61.59,109.8,176.0,47.16,61.3,Good
14,9,2024,19,6,41.98,45.18,112.0,176.0,35.8,44.6,Needs Improvement
18,8,2025,26,9,42.22,16.23,111.4,176.0,45.55,35.6,Low Productivity
9,4,2024,8,2,36.44,44.73,109.6,176.0,40.53,47.9,Needs Improvement
39,10,2025,23,15,71.39,71.87,151.1,176.0,75.98,71.9,Good
28,8,2025,13,4,28.91,35.73,136.0,176.0,28.94,42.3,Needs Improvement
3,8,2025,25,18,81.67,79.81,139.9,176.0,75.89,79.9,Excellent
20,4,2025,17,10,63.95,59.61,144.1,176.0,60.38,66.5,Good
6,9,2024,18,11,70.85,72.48,133.7,176.0,73.85,64.9,Good
27,9,2025,27,17,63.2,80.61,134.3,176.0,58.02,69.3,Good
2,10,2024,18,12,70.73,54.3,142.2,176.0,70.22,69.5,Good
29,3,2024,26,19,79.31,84.4,142.4,176.0,74.22,84.1,Excellent
38,7,2024,14,8,63.44,60.87,115.8,176.0,59.95,64.8,Good
3,1,2024,20,14,76.06,67.97,158.6,176.0,70.3,77.3,Excellent
16,5,2024,9,2,24.65,18.76,109.5,176.0,24.73,26.1,Low Productivity
30,9,2024,27,21,81.63,83.15,143.4,176.0,74.32,84.6,Excellent
40,7,2024,10,3,29.85,46.28,97.5,176.0,26.05,43.2,Needs Improvement
2,11,2024,6,3,63.4,60.38,135.2,176.0,67.66,67.1,Good
17,6,2025,17,10,62.1,69.9,128.0,176.0,67.34,67.8,Good
41,1,2025,17,10,63.67,64.61,134.5,176.0,67.02,68.3,Good
12,5,2025,23,14,52.51,48.12,126.2,176.0,59.59,62.0,Good
35,4,2025,22,10,48.3,46.73,106.1,176.0,41.7,50.1,Needs Improvement
43,11,2024,23,16,71.17,66.39,161.5,176.0,70.71,75.4,Excellent
1,6,2024,5,2,51.83,51.3,113.4,176.0,52.21,55.9,Needs Improvement
45,11,2025,12,3,32.71,27.56,93.1,176.0,42.47,34.9,Low Productivity
15,12,2024,26,19,77.44,70.77,148.8,176.0,76.26,76.1,Excellent
26,6,2024,20,15,78.78,85.26,146.4,176.0,82.79,82.6,Excellent
37,10,2025,6,2,50.07,46.33,126.8,176.0,58.54,50.7,Needs Improvement
21,12,2024,12,7,62.23,53.63,139.4,176.0,62.89,64.0,Good
49,9,2025,10,5,52.63,63.35,111.7,176.0,50.29,58.8,Needs Improvement
31,2,2024,20,13,68.14,70.85,144.3,176.0,66.23,71.1,Good
25,2,2025,27,20,76.19,77.71,130.7,176.0,67.63,76.4,Excellent
23,12,2024,15,7,39.92,58.66,137.1,176.0,37.63,52.7,Needs Improvement
24,9,2024,21,14,65.91,70.34,121.4,176.0,58.81,70.9,Good
38,5,2024,27,7,33.91,24.61,91.2,176.0,37.82,31.6,Low Productivity
28,12,2025,23,10,41.79,48.48,105.1,176.0,33.98,44.3,Needs Improvement
21,7,2025,15,5,37.29,43.5,115.5,176.0,39.25,45.8,Needs Improvement
43,1,2024,12,7,63.15,66.46,129.9,176.0,68.84,67.2,Good
18,9,2025,26,18,65.13,78.32,139.2,176.0,68.78,74.9,Good
36,1,2024,8,4,70.17,63.07,128.0,176.0,67.76,67.5,Good
35,2,2025,15,12,85.33,77.52,147.6,176.0,89.14,84.4,Excellent
45,10,2025,12,5,39.28,38.52,107.6,176.0,39.32,49.4,Needs Improvement
9,8,2024,13,9,74.54,82.27,114.4,176.0,72.25,75.9,Excellent
38,5,2025,6,3,57.57,59.31,106.3,176.0,55.75,61.9,Good
30,8,2024,20,10,54.17,44.86,111.1,176.0,56.39,55.3,Needs Improvement
44,8,2024,10,9,100.0,89.06,154.2,176.0,92.22,97.0,Outstanding
34,8,2024,25,11,44.84,36.84,140.0,176.0,42.32,49.4,Needs Improvement
32,5,2025,25,17,75.3,76.18,120.4,176.0,77.18,74.1,Good
3,4,2025,23,8,33.7,37.89,91.9,176.0,31.14,42.5,Needs Improvement
3,10,2025,12,7,61.2,75.62,101.4,176.0,54.74,63.3,Good
28,9,2025,18,9,56.55,59.64,131.5,176.0,52.09,64.6,Good
44,5,2024,28,8,27.4,34.22,100.1,176.0,28.26,34.6,Low Productivity
15,7,2024,20,13,64.47,85.47,116.2,176.0,66.89,73.2,Good
41,9,2024,16,8,57.65,47.64,123.9,176.0,63.08,53.9,Needs Improvement
23,3,2024,9,4,53.43,35.82,109.5,176.0,57.33,51.2,Needs Improvement
40,9,2025,28,10,39.94,41.23,128.9,176.0,43.79,49.5,Needs Improvement
11,12,2024,28,14,55.43,50.49,111.9,176.0,45.82,54.7,Needs Improvement
48,11,2025,23,15,65.73,70.4,159.9,176.0,69.5,68.7,Good
32,2,2025,22,18,86.64,92.99,149.1,176.0,84.05,86.8,Excellent
36,10,2024,13,5,42.53,46.83,106.7,176.0,35.32,43.9,Needs Improvement
33,8,2025,6,3,67.54,75.36,126.7,176.0,70.33,69.2,Good
24,12,2024,29,17,59.12,51.36,131.3,176.0,60.02,62.6,Good
39,9,2024,24,14,63.37,67.57,124.3,176.0,67.79,66.2,Good
34,12,2024,16,8,51.33,47.57,109.1,176.0,48.66,48.7,Needs Improvement
28,6,2025,6,2,49.19,59.07,126.0,176.0,49.16,54.0,Needs Improvement
37,6,2025,14,9,61.99,71.87,149.5,176.0,52.98,71.9,Good
7,11,2025,5,1,26.95,32.68,118.3,176.0,36.76,41.2,Needs Improvement
4,10,2024,8,4,53.59,52.42,123.3,176.0,46.9,57.4,Needs Improvement
37,11,2024,29,10,52.11,30.33,124.0,176.0,48.06,45.7,Needs Improvement
1,4,2024,16,11,72.3,72.29,140.0,176.0,67.15,73.1,Good
1,7,2024,13,9,65.71,85.12,132.5,176.0,66.74,72.6,Good
47,4,2025,8,5,67.15,86.65,130.8,176.0,62.91,74.5,Good
20,8,2024,13,6,39.16,50.76,132.1,176.0,44.55,51.7,Needs Improvement
19,9,2025,10,3,27.65,29.98,81.4,176.0,29.22,37.8,Low Productivity
29,9,2025,5,1,18.52,27.35,119.0,176.0,11.07,29.7,Low Productivity
10,12,2024,14,4,27.14,42.05,107.5,176.0,31.04,38.8,Low Productivity
18,1,2025,18,16,90.89,94.92,145.6,176.0,95.45,89.3,Excellent
28,7,2025,26,21,87.52,80.25,136.0,176.0,83.88,86.1,Excellent
35,8,2025,29,21,71.94,78.36,131.7,176.0,66.21,75.6,Excellent
43,3,2024,22,5,30.71,25.23,112.3,176.0,32.71,38.8,Low Productivity
47,2,2024,10,5,53.19,55.67,131.5,176.0,56.48,52.0,Needs Improvement
31,2,2025,22,13,60.52,61.99,123.1,176.0,55.51,66.2,Good
27,6,2024,24,10,38.79,48.82,106.7,176.0,43.41,44.6,Needs Improvement
11,6,2025,20,12,65.37,61.38,135.2,176.0,62.5,64.1,Good
49,3,2024,19,15,82.36,82.96,187.8,176.0,88.27,87.1,Excellent
49,7,2025,20,17,98.28,90.56,192.5,176.0,90.38,95.4,Outstanding
38,4,2024,12,10,87.18,87.48,168.2,176.0,83.51,90.1,Outstanding
5,7,2024,17,7,40.36,57.95,104.8,176.0,39.32,48.3,Needs Improvement
8,4,2024,27,13,49.75,63.01,129.9,176.0,44.79,57.0,Needs Improvement
34,11,2024,15,10,68.47,66.93,124.3,176.0,68.31,68.5,Good
48,8,2025,29,20,73.3,64.41,133.2,176.0,71.57,65.7,Good
12,11,2025,11,7,69.02,65.62,156.0,176.0,67.98,73.2,Good
38,1,2025,21,8,39.49,43.76,108.5,176.0,37.47,45.3,Needs Improvement
1,10,2025,22,10,44.63,47.28,114.1,176.0,38.18,51.1,Needs Improvement
31,11,2025,26,18,71.22,62.34,130.5,176.0,71.11,68.6,Good
4,2,2025,27,16,51.63,58.03,115.2,176.0,51.0,58.7,Needs Improvement
49,8,2024,23,17,82.74,80.01,137.5,176.0,77.7,72.5,Good
45,8,2025,29,23,85.85,87.38,154.7,176.0,92.1,82.8,Excellent
50,6,2024,17,6,40.4,49.77,118.7,176.0,41.97,45.2,Needs Improvement
5,11,2024,19,7,38.5,37.2,117.0,176.0,42.1,44.4,Needs Improvement
30,6,2025,27,12,41.44,39.6,133.3,176.0,37.4,48.9,Needs Improvement
24,1,2025,26,15,63.43,58.93,102.9,176.0,51.88,63.3,Good
3,1,2024,26,11,38.33,35.53,115.3,176.0,47.05,41.4,Needs Improvement
11,10,2024,5,1,40.06,28.78,96.9,176.0,40.91,40.4,Needs Improvement
45,8,2024,20,13,56.99,63.34,164.9,176.0,58.81,76.1,Excellent
4,9,2025,9,5,62.08,66.96,127.6,176.0,63.69,64.7,Good
26,2,2025,7,5,76.18,74.84,156.3,176.0,78.17,82.4,Excellent
27,4,2024,27,8,38.18,38.54,120.5,176.0,32.86,46.4,Needs Improvement
46,6,2025,14,12,95.58,99.41,146.6,176.0,90.44,96.4,Outstanding
43,7,2025,23,9,42.12,30.29,125.4,176.0,36.99,43.1,Needs Improvement
27,11,2024,9,6,81.76,61.74,153.4,176.0,84.52,77.7,Excellent
42,10,2025,11,10,92.88,88.54,166.1,176.0,86.81,94.7,Outstanding
50,5,2025,18,9,55.6,49.23,114.1,176.0,47.95,58.4,Needs Improvement
6,3,2024,7,6,78.39,96.51,127.6,176.0,75.18,86.6,Excellent
15,9,2025,17,7,44.8,46.0,149.2,176.0,43.44,57.2,Needs Improvement
30,8,2024,17,10,61.66,64.47,124.5,176.0,61.41,63.3,Good
42,4,2024,14,9,63.8,71.72,149.8,176.0,61.36,70.3,Good
37,2,2025,6,4,84.61,76.29,139.7,176.0,87.03,74.5,Good
37,9,2024,10,3,20.48,28.32,135.7,176.0,26.32,35.9,Low Productivity
42,3,2025,12,5,46.65,44.05,107.8,176.0,46.89,47.1,Needs Improvement
37,3,2025,8,2,27.61,32.8,105.3,176.0,33.42,30.7,Low Productivity
35,7,2024,29,17,54.78,47.24,161.8,176.0,57.53,61.8,Good
23,1,2024,16,6,46.3,37.82,90.1,176.0,41.52,47.1,Needs Improvement
6,11,2025,19,8,51.13,43.91,133.1,176.0,46.9,48.9,Needs Improvement
4,12,2024,12,8,78.43,70.45,138.8,176.0,73.94,80.6,Excellent
18,8,2025,11,5,50.1,42.94,133.9,176.0,49.14,56.0,Needs Improvement
9,9,2025,18,4,30.63,21.51,96.6,176.0,29.24,34.6,Low Productivity
49,3,2024,27,9,35.15,25.29,133.7,176.0,38.12,41.1,Needs Improvement
29,5,2025,23,13,65.16,70.56,115.4,176.0,64.37,61.9,Good
13,6,2024,18,14,82.82,79.15,145.9,176.0,84.05,83.2,Excellent
47,12,2025,26,19,68.68,75.53,154.9,176.0,62.84,79.1,Excellent
17,1,2025,17,11,66.53,59.91,121.9,176.0,67.74,65.3,Good
45,9,2024,25,21,82.46,88.43,151.2,176.0,80.07,86.8,Excellent
32,11,2025,5,3,67.04,76.49,121.4,176.0,64.28,71.1,Good
48,6,2024,23,10,45.73,40.03,111.9,176.0,42.5,46.5,Needs Improvement
22,3,2024,5,3,78.14,69.62,180.8,176.0,85.7,81.4,Excellent
4,7,2025,8,5,69.52,61.02,152.1,176.0,63.62,67.1,Good
5,3,2025,14,7,49.9,41.33,132.0,176.0,53.29,56.0,Needs Improvement
37,10,2024,7,3,53.1,50.08,123.2,176.0,52.87,60.6,Good
41,5,2024,24,21,82.03,96.61,128.9,176.0,75.23,90.2,Outstanding
49,5,2024,13,6,42.34,35.07,114.4,176.0,40.85,46.0,Needs Improvement
13,3,2025,7,1,34.62,31.42,113.3,176.0,22.93,37.2,Low Productivity
34,2,2024,10,7,71.36,84.13,135.0,176.0,79.96,81.0,Excellent
45,7,2024,10,5,59.54,30.56,128.0,176.0,57.7,52.5,Needs Improvement
22,8,2024,27,14,52.06,43.36,106.7,176.0,57.64,53.3,Needs Improvement
23,7,2025,29,13,47.01,42.51,101.6,176.0,53.73,50.3,Needs Improvement
3,4,2025,16,10,68.07,67.94,164.9,176.0,65.22,72.3,Good
42,9,2024,27,20,78.93,78.46,171.9,176.0,79.07,81.7,Excellent
34,1,2025,5,4,90.59,76.52,145.9,176.0,91.52,86.3,Excellent
32,8,2024,20,13,65.71,79.94,121.9,176.0,75.21,75.6,Excellent
45,1,2025,28,23,83.51,77.2,132.1,176.0,82.56,79.7,Excellent
49,6,2024,9,4,43.46,38.03,121.8,176.0,43.19,51.4,Needs Improvement
21,7,2025,13,3,17.92,14.19,127.8,176.0,10.92,25.4,Low Productivity
46,2,2024,14,13,95.17,92.88,145.0,176.0,90.7,93.2,Outstanding
44,9,2025,17,9,53.46,61.52,126.4,176.0,50.96,52.9,Needs Improvement
21,12,2025,19,14,67.78,69.93,143.9,176.0,74.29,72.1,Good
44,11,2025,16,5,38.86,34.98,131.6,176.0,48.32,40.0,Needs Improvement
11,1,2025,9,5,64.57,65.45,135.3,176.0,67.07,71.9,Good
39,4,2025,9,3,38.9,42.15,93.0,176.0,40.66,42.9,Needs Improvement
4,3,2024,22,13,62.64,63.56,140.1,176.0,66.07,65.5,Good
1,11,2025,16,10,62.02,71.89,134.3,176.0,58.6,67.6,Good
28,1,2025,7,5,77.16,78.33,127.9,176.0,84.11,71.9,Good
24,4,2025,29,16,63.5,64.94,141.2,176.0,56.34,65.6,Good
35,6,2025,11,4,46.55,35.76,111.0,176.0,44.28,46.7,Needs Improvement
13,3,2025,21,10,49.94,48.83,126.9,176.0,53.2,52.5,Needs Improvement
47,4,2025,23,20,85.65,82.02,154.8,176.0,83.25,91.1,Outstanding
34,4,2025,22,14,64.27,72.23,129.8,176.0,76.62,73.5,Good
11,2,2025,5,1,35.66,41.38,93.1,176.0,39.0,35.3,Low Productivity
36,12,2025,29,14,51.37,49.17,129.7,176.0,56.29,53.3,Needs Improvement
17,8,2024,28,17,65.38,64.84,111.8,176.0,61.59,65.3,Good
35,1,2025,9,7,78.3,67.74,157.7,176.0,83.13,77.0,Excellent
18,4,2024,6,5,84.73,89.57,138.7,176.0,88.78,85.7,Excellent
40,5,2025,5,3,79.02,62.64,123.4,176.0,86.85,69.0,Good
22,9,2025,11,4,41.02,45.55,137.1,176.0,30.06,47.9,Needs Improvement
24,8,2025,15,6,40.81,27.46,115.7,176.0,36.91,41.6,Needs Improvement
19,11,2024,15,10,62.1,81.78,106.0,176.0,63.78,69.2,Good
37,4,2025,22,13,54.66,58.93,127.3,176.0,56.49,61.5,Good
39,12,2025,21,9,50.88,45.68,126.3,176.0,50.65,49.7,Needs Improvement
21,2,2024,6,2,43.21,53.24,120.0,176.0,35.57,45.4,Needs Improvement
8,2,2025,11,7,75.0,70.07,124.0,176.0,75.99,67.2,Good
28,11,2025,11,5,53.16,34.81,108.7,176.0,54.71,51.3,Needs Improvement
5,9,2024,14,9,66.06,64.38,136.7,176.0,66.05,75.0,Good
17,3,2024,26,16,68.16,80.4,147.4,176.0,67.98,74.5,Good
37,7,2024,25,20,87.17,74.75,125.8,176.0,91.88,71.4,Good
36,5,2024,7,6,88.17,89.0,135.2,176.0,87.4,89.3,Excellent
19,10,2025,16,5,35.38,46.79,128.1,176.0,29.13,48.9,Needs Improvement
27,6,2025,7,3,42.78,37.25,133.0,176.0,49.8,46.2,Needs Improvement
34,6,2024,15,13,79.04,87.63,136.6,176.0,85.78,86.8,Excellent
11,5,2024,16,12,78.48,87.66,135.7,176.0,78.28,83.1,Excellent
45,2,2024,29,11,37.23,36.21,144.3,176.0,41.6,51.0,Needs Improvement
47,11,2024,8,7,95.18,83.54,165.1,176.0,87.56,88.4,Excellent
12,2,2025,29,9,29.21,18.28,105.7,176.0,28.49,34.2,Low Productivity
21,2,2025,20,6,34.46,23.99,123.4,176.0,25.89,38.9,Low Productivity
11,2,2024,24,12,51.63,44.0,113.6,176.0,57.25,56.1,Needs Improvement
39,2,2025,22,18,74.53,80.24,148.9,176.0,67.05,79.8,Excellent
28,7,2024,8,4,56.03,60.49,121.5,176.0,53.97,63.1,Good
5,3,2024,26,17,69.03,66.89,144.4,176.0,70.11,71.3,Good
17,2,2025,10,2,32.58,17.61,112.5,176.0,36.7,36.2,Low Productivity
20,4,2025,25,23,92.81,100.0,157.5,176.0,95.45,96.2,Outstanding
41,1,2024,19,10,58.88,45.53,131.0,176.0,64.6,55.1,Needs Improvement
46,12,2024,5,3,77.64,89.38,157.0,176.0,81.66,82.8,Excellent
12,10,2024,7,3,58.28,56.64,131.3,176.0,64.82,58.1,Needs Improvement
6,1,2024,9,5,65.86,71.14,133.6,176.0,57.08,68.0,Good
17,3,2025,26,12,46.91,52.52,125.0,176.0,44.49,58.9,Needs Improvement
19,4,2024,21,6,26.73,43.72,123.5,176.0,28.98,40.1,Needs Improvement
26,8,2025,18,8,53.15,44.96,102.4,176.0,61.02,47.5,Needs Improvement
48,5,2025,13,9,78.81,72.83,146.2,176.0,76.28,76.3,Excellent
44,6,2025,7,2,41.38,44.16,85.1,176.0,51.2,45.6,Needs Improvement
44,12,2025,17,13,80.21,74.92,137.5,176.0,81.97,79.4,Excellent
32,11,2024,7,5,81.84,83.48,172.2,176.0,78.28,85.8,Excellent
6,2,2024,15,4,24.32,40.99,91.0,176.0,18.55,33.1,Low Productivity
36,2,2024,6,3,48.35,36.52,95.6,176.0,52.03,46.4,Needs Improvement
38,10,2024,28,21,81.92,74.68,126.0,176.0,78.72,80.0,Excellent
11,8,2024,19,9,51.38,69.01,131.8,176.0,50.02,55.9,Needs Improvement
33,3,2025,17,14,89.66,84.66,148.3,176.0,90.47,87.4,Excellent
24,1,2025,23,12,59.37,61.18,107.4,176.0,60.36,57.3,Needs Improvement
23,6,2025,26,6,26.03,33.04,119.0,176.0,35.6,37.5,Low Productivity
15,12,2024,20,14,69.05,62.21,145.4,176.0,71.02,72.1,Good
27,3,2025,22,9,44.6,46.41,97.9,176.0,41.57,42.6,Needs Improvement
11,5,2024,11,6,60.18,64.73,127.1,176.0,56.45,66.5,Good
50,11,2025,17,13,73.1,100.0,176.0,176.0,81.43,84.7,Excellent
17,2,2025,8,7,92.42,67.4,146.1,176.0,89.84,79.3,Excellent
14,1,2025,13,3,24.41,12.73,75.1,176.0,27.34,25.7,Low Productivity
27,7,2024,14,9,50.83,63.93,139.7,176.0,51.79,63.8,Good
18,8,2025,13,7,58.34,54.21,131.4,176.0,60.44,57.7,Needs Improvement
28,3,2024,11,4,41.75,33.35,132.3,176.0,48.74,44.7,Needs Improvement
47,3,2024,19,9,59.22,42.91,113.7,176.0,60.63,50.6,Needs Improvement
47,1,2024,12,5,42.52,48.02,120.7,176.0,46.61,53.8,Needs Improvement
4,12,2025,23,9,47.47,35.41,117.4,176.0,49.0,47.4,Needs Improvement
7,2,2024,15,6,48.36,40.79,116.0,176.0,46.09,48.4,Needs Improvement
45,5,2024,9,8,89.32,100.0,158.7,176.0,91.79,95.5,Outstanding
35,3,2024,6,3,59.18,64.18,135.0,176.0,55.92,62.8,Good
48,2,2024,14,7,51.95,48.96,130.5,176.0,46.14,55.1,Needs Improvement
9,11,2025,20,15,73.27,64.98,155.1,176.0,76.18,78.2,Excellent
8,7,2025,27,10,36.36,45.97,77.0,176.0,38.68,39.1,Low Productivity
45,4,2025,17,16,93.81,89.55,135.2,176.0,95.61,87.4,Excellent
17,3,2025,12,5,43.17,53.56,117.8,176.0,43.06,52.5,Needs Improvement
17,10,2024,13,9,74.38,77.76,141.3,176.0,74.02,76.9,Excellent
49,11,2025,15,13,84.46,85.66,134.5,176.0,79.04,84.6,Excellent
33,6,2024,15,9,64.71,69.26,127.6,176.0,55.4,66.7,Good
32,7,2025,27,7,17.7,11.46,89.3,176.0,22.14,27.8,Low Productivity
8,5,2024,20,9,42.16,59.05,126.6,176.0,46.54,50.0,Needs Improvement
19,4,2025,14,10,73.99,73.78,127.0,176.0,72.73,68.3,Good
38,11,2024,28,7,36.63,29.61,105.8,176.0,43.99,35.5,Low Productivity
3,11,2025,16,4,29.59,21.81,116.5,176.0,32.09,35.7,Low Productivity
5,10,2025,29,23,75.85,79.38,131.5,176.0,77.54,82.0,Excellent
13,8,2025,10,6,76.0,80.71,114.2,176.0,86.09,73.8,Good
47,3,2025,16,4,30.39,28.24,92.9,176.0,24.12,31.6,Low Productivity
46,8,2024,14,6,40.73,43.06,104.1,176.0,40.49,44.2,Needs Improvement
31,7,2025,22,11,53.65,59.51,123.8,176.0,49.39,62.2,Good
16,1,2025,22,14,71.05,68.61,107.4,176.0,69.21,69.4,Good
50,9,2025,8,3,34.29,52.38,136.1,176.0,33.95,51.0,Needs Improvement
32,9,2024,13,9,66.46,55.51,118.5,176.0,66.24,68.5,Good
22,4,2024,11,7,77.11,64.4,114.2,176.0,71.75,68.8,Good
29,9,2024,22,11,55.66,42.78,124.3,176.0,56.0,54.3,Needs Improvement
22,3,2024,12,6,48.42,60.63,118.8,176.0,44.29,55.6,Needs Improvement
43,8,2024,15,7,47.77,37.96,139.2,176.0,53.75,53.7,Needs Improvement
3,6,2025,11,7,73.78,74.99,133.8,176.0,77.61,74.7,Good
10,4,2024,13,5,41.99,32.5,110.1,176.0,43.71,38.2,Low Productivity
42,5,2024,12,6,57.73,46.99,130.5,176.0,55.35,58.6,Needs Improvement
21,3,2024,7,3,53.43,44.97,136.6,176.0,54.21,57.7,Needs Improvement
16,8,2024,21,13,69.12,65.74,103.5,176.0,72.65,66.0,Good
12,1,2025,6,3,61.8,77.61,130.1,176.0,60.1,72.3,Good
2,4,2025,19,14,75.39,64.17,172.8,176.0,67.44,74.8,Good
41,11,2025,18,9,57.92,44.36,113.4,176.0,61.52,51.1,Needs Improvement
24,1,2024,22,20,98.85,99.06,157.7,176.0,100.0,97.0,Outstanding
35,6,2024,20,12,53.47,60.42,144.6,176.0,55.08,61.5,Good
30,5,2025,24,11,49.52,39.43,127.0,176.0,45.72,56.6,Needs Improvement
30,9,2025,26,8,43.14,29.12,90.5,176.0,47.94,35.6,Low Productivity
47,6,2025,8,4,49.86,39.98,120.7,176.0,55.6,49.8,Needs Improvement
35,12,2025,29,19,68.85,62.65,114.7,176.0,70.25,64.6,Good
19,2,2024,24,20,90.1,76.09,131.1,176.0,88.12,80.4,Excellent
50,8,2025,10,5,52.02,60.05,142.7,176.0,50.14,60.7,Good
8,1,2024,10,5,57.14,64.15,140.0,176.0,55.17,63.2,Good
26,1,2025,15,7,44.12,30.75,148.4,176.0,41.92,50.5,Needs Improvement
49,7,2024,21,18,90.06,90.4,165.5,176.0,88.3,86.1,Excellent
40,8,2024,28,20,75.5,55.15,136.7,176.0,77.11,71.7,Good
7,1,2025,7,5,75.09,71.93,122.3,176.0,79.58,70.7,Good
30,3,2025,17,8,56.59,61.45,139.9,176.0,63.84,59.2,Needs Improvement
7,10,2024,26,20,78.08,74.97,151.6,176.0,73.51,75.2,Excellent
3,8,2024,7,2,36.25,44.06,125.6,176.0,32.5,42.7,Needs Improvement
1,7,2025,20,15,72.49,82.8,150.1,176.0,76.71,78.9,Excellent
36,11,2024,19,10,50.38,60.38,141.1,176.0,45.82,64.8,Good
25,6,2024,15,7,51.77,57.41,97.7,176.0,45.98,58.1,Needs Improvement
37,9,2025,22,9,55.77,47.51,97.0,176.0,51.06,46.7,Needs Improvement
1,8,2024,19,12,67.68,62.01,121.4,176.0,66.8,64.4,Good
15,2,2024,9,5,72.72,71.0,138.1,176.0,80.9,71.5,Good
37,3,2025,20,13,65.91,78.39,126.3,176.0,65.27,62.4,Good
13,11,2025,20,7,31.22,40.9,126.5,176.0,32.59,42.1,Needs Improvement
40,4,2024,21,9,39.04,44.64,114.2,176.0,33.05,47.7,Needs Improvement
8,7,2024,13,8,62.83,53.08,168.0,176.0,68.2,67.5,Good
5,1,2025,27,21,79.82,71.92,170.0,176.0,84.17,75.7,Excellent
9,7,2024,7,4,62.05,54.27,130.1,176.0,59.71,56.3,Needs Improvement
1,1,2025,24,8,32.6,27.11,88.3,176.0,29.17,31.6,Low Productivity
36,1,2025,17,6,44.29,39.02,122.6,176.0,49.08,46.4,Needs Improvement
35,5,2025,26,17,71.82,59.15,116.6,176.0,70.69,63.2,Good
2,8,2025,7,6,96.61,100.0,143.7,176.0,93.29,99.6,Outstanding
40,7,2024,11,4,41.39,33.61,103.5,176.0,39.56,37.3,Low Productivity
23,5,2025,10,3,28.11,28.9,104.1,176.0,29.31,41.6,Needs Improvement
9,11,2024,13,6,36.83,41.24,127.2,176.0,40.49,45.5,Needs Improvement
34,10,2024,16,12,84.8,81.19,149.4,176.0,86.42,90.0,Outstanding
46,7,2024,19,13,70.47,70.32,122.9,176.0,71.83,73.0,Good
14,5,2025,25,17,82.1,71.42,132.4,176.0,80.9,67.6,Good
4,4,2024,24,17,72.97,71.46,118.3,176.0,73.69,75.3,Excellent
30,12,2025,7,2,36.49,55.24,119.2,176.0,34.54,47.8,Needs Improvement
31,7,2025,14,11,91.66,90.08,118.7,176.0,90.32,86.3,Excellent
38,2,2024,5,2,55.0,44.84,117.9,176.0,62.11,53.7,Needs Improvement
11,11,2024,23,15,73.01,49.7,122.5,176.0,73.22,62.7,Good
35,11,2024,23,13,55.51,55.56,134.9,176.0,53.67,60.0,Good
8,1,2024,27,19,72.25,61.33,124.2,176.0,68.88,65.0,Good
3,10,2024,27,9,31.59,22.14,96.0,176.0,20.58,34.0,Low Productivity
14,9,2024,17,16,85.86,99.69,161.6,176.0,96.29,89.7,Excellent
13,7,2025,16,7,51.93,48.13,125.3,176.0,62.9,52.1,Needs Improvement
45,7,2025,5,4,80.39,91.65,130.4,176.0,83.53,83.3,Excellent
32,9,2025,23,16,66.62,71.01,146.1,176.0,61.45,75.9,Excellent
34,1,2024,28,15,48.37,53.56,161.1,176.0,62.04,65.2,Good
45,6,2025,20,6,33.51,22.4,99.0,176.0,26.49,34.9,Low Productivity
19,2,2025,29,16,58.35,53.02,108.0,176.0,60.31,54.1,Needs Improvement
38,4,2025,27,8,28.84,16.91,105.8,176.0,20.28,32.8,Low Productivity
16,1,2025,27,13,45.89,57.57,98.7,176.0,35.03,51.5,Needs Improvement
2,3,2024,19,14,81.72,67.35,138.4,176.0,82.88,80.1,Excellent
40,7,2025,20,6,18.59,32.77,97.2,176.0,20.39,36.4,Low Productivity
17,7,2025,15,6,44.48,39.35,123.4,176.0,45.07,47.9,Needs Improvement
34,2,2025,28,24,88.3,89.08,122.4,176.0,95.76,88.5,Excellent
42,3,2025,10,4,34.18,40.6,88.6,176.0,33.94,39.6,Low Productivity
16,1,2025,15,6,36.24,35.33,122.5,176.0,40.3,47.9,Needs Improvement
38,12,2025,7,2,36.74,31.14,115.2,176.0,32.83,38.5,Low Productivity
2,10,2025,19,13,67.45,83.45,106.4,176.0,73.92,70.7,Good
2,7,2024,5,2,60.78,46.33,145.1,176.0,67.68,52.5,Needs Improvement
26,7,2024,11,5,63.02,61.69,135.1,176.0,61.74,62.0,Good
13,12,2025,5,2,56.88,60.04,113.7,176.0,58.76,58.9,Needs Improvement
47,10,2024,21,13,62.88,64.5,132.1,176.0,59.38,65.5,Good
31,7,2024,13,11,86.04,81.22,120.1,176.0,84.93,83.0,Excellent
34,11,2024,27,12,36.64,47.35,126.7,176.0,40.33,52.4,Needs Improvement
39,10,2025,17,12,71.93,69.28,126.0,176.0,74.36,71.6,Good
3,1,2024,15,6,39.98,51.11,108.5,176.0,31.34,49.7,Needs Improvement
8,5,2024,24,17,70.46,63.35,137.3,176.0,64.78,72.4,Good
23,2,2024,10,2,30.04,30.54,120.6,176.0,27.1,40.4,Needs Improvement
14,12,2025,5,2,47.76,47.33,124.7,176.0,48.86,53.6,Needs Improvement
27,7,2024,11,7,71.24,69.94,128.5,176.0,66.66,75.4,Excellent
29,6,2025,16,8,52.93,60.89,115.3,176.0,45.86,59.0,Needs Improvement
39,12,2024,26,25,99.72,89.6,160.7,176.0,86.57,91.6,Outstanding
39,12,2025,24,14,61.21,54.05,127.6,176.0,71.64,65.5,Good
1,9,2025,27,13,54.81,53.55,117.8,176.0,55.81,57.8,Needs Improvement
17,10,2024,23,17,75.29,83.39,140.6,176.0,68.08,79.8,Excellent
41,7,2024,21,12,70.14,59.25,124.9,176.0,75.3,59.8,Needs Improvement
30,10,2025,8,3,35.74,59.45,94.9,176.0,43.21,54.0,Needs Improvement
13,11,2024,7,3,56.14,50.61,121.5,176.0,57.21,59.3,Needs Improvement
21,10,2024,5,3,76.64,66.66,137.6,176.0,79.75,73.9,Good
19,9,2024,22,14,60.46,70.43,135.4,176.0,67.01,59.9,Needs Improvement
